{"directed": false, "multigraph": false, "graph": {}, "nodes": [{"inst_type": "nmos", "ports": ["Voutn", "xiota|net22", "xiota|net23"], "edge_weight": [1, 2, 4], "values": 1, "sub_graph": null, "id": "xiota|fully_differential_gain_boosting_MM8"}, {"inst_type": "net", "net_type": "internal", "id": "Voutn"}, {"inst_type": "net", "net_type": "internal", "id": "xiota|net22"}, {"inst_type": "net", "net_type": "internal", "id": "xiota|net23"}, {"inst_type": "nmos", "ports": ["Voutp", "xiota|net19", "xiota|net21"], "edge_weight": [1, 2, 4], "values": 1, "sub_graph": null, "id": "xiota|fully_differential_gain_boosting_MM7"}, {"inst_type": "net", "net_type": "internal", "id": "Voutp"}, {"inst_type": "net", "net_type": "internal", "id": "xiota|net19"}, {"inst_type": "net", "net_type": "internal", "id": "xiota|net21"}, {"inst_type": "nmos", "ports": ["xiota|net23", "Vinp", "xiota|net15"], "edge_weight": [1, 2, 4], "values": 1, "sub_graph": null, "id": "xiota|fully_differential_gain_boosting_MM3"}, {"inst_type": "net", "net_type": "internal", "id": "Vinp"}, {"inst_type": "net", "net_type": "internal", "id": "xiota|net15"}, {"inst_type": "nmos", "ports": ["xiota|net21", "Vinn", "xiota|net15"], "edge_weight": [1, 2, 4], "values": 1, "sub_graph": null, "id": "xiota|fully_differential_gain_boosting_MM0"}, {"inst_type": "net", "net_type": "internal", "id": "Vinn"}, {"inst_type": "nmos", "ports": ["xiota|net15", "LG_Vbiasn", "xiota|gnd!"], "edge_weight": [1, 2, 4], "values": 1, "sub_graph": null, "id": "xiota|fully_differential_gain_boosting_MM4"}, {"inst_type": "net", "net_type": "internal", "id": "LG_Vbiasn"}, {"inst_type": "net", "net_type": "internal", "id": "xiota|gnd!"}, {"inst_type": "pmos", "ports": ["Voutn", "xiota|net24", "xiota|net25"], "edge_weight": [1, 2, 4], "values": 1, "sub_graph": null, "id": "xiota|fully_differential_gain_boosting_MM6"}, {"inst_type": "net", "net_type": "internal", "id": "xiota|net24"}, {"inst_type": "net", "net_type": "internal", "id": "xiota|net25"}, {"inst_type": "pmos", "ports": ["Voutp", "xiota|net20", "xiota|net12"], "edge_weight": [1, 2, 4], "values": 1, "sub_graph": null, "id": "xiota|fully_differential_gain_boosting_MM5"}, {"inst_type": "net", "net_type": "internal", "id": "xiota|net20"}, {"inst_type": "net", "net_type": "internal", "id": "xiota|net12"}, {"inst_type": "pmos", "ports": ["xiota|net25", "LG_Vbiasp", "xiota|vdd!"], "edge_weight": [1, 2, 4], "values": 1, "sub_graph": null, "id": "xiota|fully_differential_gain_boosting_MM1"}, {"inst_type": "net", "net_type": "internal", "id": "LG_Vbiasp"}, {"inst_type": "net", "net_type": "internal", "id": "xiota|vdd!"}, {"inst_type": "pmos", "ports": ["xiota|net12", "LG_Vbiasp", "xiota|vdd!"], "edge_weight": [1, 2, 4], "values": 1, "sub_graph": null, "id": "xiota|fully_differential_gain_boosting_MM2"}, {"inst_type": "pmos", "ports": ["xiota|net24", "xiota|XI3|Vbiasp", "xiota|XI3|vdd!"], "edge_weight": [1, 2, 4], "values": 1, "sub_graph": null, "id": "xiota|XI3|fully_differential_MM1"}, {"inst_type": "net", "net_type": "internal", "id": "xiota|XI3|Vbiasp"}, {"inst_type": "net", "net_type": "internal", "id": "xiota|XI3|vdd!"}, {"inst_type": "pmos", "ports": ["xiota|net20", "xiota|XI3|Vbiasp", "xiota|XI3|vdd!"], "edge_weight": [1, 2, 4], "values": 1, "sub_graph": null, "id": "xiota|XI3|fully_differential_MM2"}, {"inst_type": "nmos", "ports": ["xiota|XI3|net14", "xiota|XI3|Vbiasn", "xiota|XI3|gnd!"], "edge_weight": [1, 2, 4], "values": 1, "sub_graph": null, "id": "xiota|XI3|fully_differential_MM4"}, {"inst_type": "net", "net_type": "internal", "id": "xiota|XI3|net14"}, {"inst_type": "net", "net_type": "internal", "id": "xiota|XI3|Vbiasn"}, {"inst_type": "net", "net_type": "internal", "id": "xiota|XI3|gnd!"}, {"inst_type": "nmos", "ports": ["xiota|net24", "xiota|net25", "xiota|XI3|net14"], "edge_weight": [1, 2, 4], "values": 1, "sub_graph": null, "id": "xiota|XI3|fully_differential_MM3"}, {"inst_type": "nmos", "ports": ["xiota|net20", "xiota|net12", "xiota|XI3|net14"], "edge_weight": [1, 2, 4], "values": 1, "sub_graph": null, "id": "xiota|XI3|fully_differential_MM0"}, {"inst_type": "pmos", "ports": ["xiota|net19", "xiota|XI1|Vbiasp", "xiota|XI1|vdd!"], "edge_weight": [1, 2, 4], "values": 1, "sub_graph": null, "id": "xiota|XI1|fully_differential_MM1"}, {"inst_type": "net", "net_type": "internal", "id": "xiota|XI1|Vbiasp"}, {"inst_type": "net", "net_type": "internal", "id": "xiota|XI1|vdd!"}, {"inst_type": "pmos", "ports": ["xiota|net22", "xiota|XI1|Vbiasp", "xiota|XI1|vdd!"], "edge_weight": [1, 2, 4], "values": 1, "sub_graph": null, "id": "xiota|XI1|fully_differential_MM2"}, {"inst_type": "nmos", "ports": ["xiota|XI1|net14", "xiota|XI1|Vbiasn", "xiota|XI1|gnd!"], "edge_weight": [1, 2, 4], "values": 1, "sub_graph": null, "id": "xiota|XI1|fully_differential_MM4"}, {"inst_type": "net", "net_type": "internal", "id": "xiota|XI1|net14"}, {"inst_type": "net", "net_type": "internal", "id": "xiota|XI1|Vbiasn"}, {"inst_type": "net", "net_type": "internal", "id": "xiota|XI1|gnd!"}, {"inst_type": "nmos", "ports": ["xiota|net19", "xiota|net21", "xiota|XI1|net14"], "edge_weight": [1, 2, 4], "values": 1, "sub_graph": null, "id": "xiota|XI1|fully_differential_MM3"}, {"inst_type": "nmos", "ports": ["xiota|net22", "xiota|net23", "xiota|XI1|net14"], "edge_weight": [1, 2, 4], "values": 1, "sub_graph": null, "id": "xiota|XI1|fully_differential_MM0"}, {"inst_type": "nmos", "ports": ["LG_Vbiasp", "LG_Vbiasn", "xiLG_npmos|gnd!"], "edge_weight": [1, 2, 4], "values": 1, "sub_graph": null, "id": "xiLG_npmos|LG_npmos_MM4"}, {"inst_type": "net", "net_type": "internal", "id": "xiLG_npmos|gnd!"}, {"inst_type": "nmos", "ports": ["LG_Vbiasn", "LG_Vbiasn", "xiLG_npmos|gnd!"], "edge_weight": [1, 2, 4], "values": 1, "sub_graph": null, "id": "xiLG_npmos|LG_npmos_MM2"}, {"inst_type": "nmos", "ports": ["xiLG_npmos|neta", "Biasn", "xiLG_npmos|gnd!"], "edge_weight": [1, 2, 4], "values": 1, "sub_graph": null, "id": "xiLG_npmos|LG_npmos_MM10"}, {"inst_type": "net", "net_type": "internal", "id": "xiLG_npmos|neta"}, {"inst_type": "net", "net_type": "internal", "id": "Biasn"}, {"inst_type": "pmos", "ports": ["LG_Vbiasp", "LG_Vbiasp", "xiLG_npmos|vdd!"], "edge_weight": [1, 2, 4], "values": 1, "sub_graph": null, "id": "xiLG_npmos|LG_npmos_MM3"}, {"inst_type": "net", "net_type": "internal", "id": "xiLG_npmos|vdd!"}, {"inst_type": "pmos", "ports": ["LG_Vbiasn", "xiLG_npmos|neta", "xiLG_npmos|vdd!"], "edge_weight": [1, 2, 4], "values": 1, "sub_graph": null, "id": "xiLG_npmos|LG_npmos_MM1"}, {"inst_type": "pmos", "ports": ["xiLG_npmos|neta", "xiLG_npmos|neta", "xiLG_npmos|vdd!"], "edge_weight": [1, 2, 4], "values": 1, "sub_graph": null, "id": "xiLG_npmos|LG_npmos_MM0"}, {"inst_type": "res", "ports": ["Biasn", "xibCR7_1|net7"], "edge_weight": [8, 8], "values": 1, "sub_graph": null, "id": "xibCR7_1|CR7_1_RR1"}, {"inst_type": "net", "net_type": "internal", "id": "xibCR7_1|net7"}, {"inst_type": "res", "ports": ["xibCR7_1|vdd!", "xibCR7_1|net7"], "edge_weight": [8, 8], "values": 1, "sub_graph": null, "id": "xibCR7_1|CR7_1_RR0"}, {"inst_type": "net", "net_type": "internal", "id": "xibCR7_1|vdd!"}, {"inst_type": "res", "ports": ["xibCR7_1|vdd!", "Biasn"], "edge_weight": [8, 8], "values": 1, "sub_graph": null, "id": "xibCR7_1|CR7_1_RRF"}, {"inst_type": "nmos", "ports": ["xibCR7_1|net7", "Biasn", "xibCR7_1|gnd!"], "edge_weight": [1, 2, 4], "values": 1, "sub_graph": null, "id": "xibCR7_1|CR7_1_MM1"}, {"inst_type": "net", "net_type": "internal", "id": "xibCR7_1|gnd!"}, {"inst_type": "nmos", "ports": ["Biasn", "Biasn", "xibCR7_1|gnd!"], "edge_weight": [1, 2, 4], "values": 1, "sub_graph": null, "id": "xibCR7_1|CR7_1_MM0"}], "links": [{"weight": 1, "source": "xiota|fully_differential_gain_boosting_MM8", "target": "Voutn"}, {"weight": 2, "source": "xiota|fully_differential_gain_boosting_MM8", "target": "xiota|net22"}, {"weight": 4, "source": "xiota|fully_differential_gain_boosting_MM8", "target": "xiota|net23"}, {"weight": 1, "source": "Voutn", "target": "xiota|fully_differential_gain_boosting_MM6"}, {"weight": 1, "source": "xiota|net22", "target": "xiota|XI1|fully_differential_MM2"}, {"weight": 1, "source": "xiota|net22", "target": "xiota|XI1|fully_differential_MM0"}, {"weight": 1, "source": "xiota|net23", "target": "xiota|fully_differential_gain_boosting_MM3"}, {"weight": 2, "source": "xiota|net23", "target": "xiota|XI1|fully_differential_MM0"}, {"weight": 1, "source": "xiota|fully_differential_gain_boosting_MM7", "target": "Voutp"}, {"weight": 2, "source": "xiota|fully_differential_gain_boosting_MM7", "target": "xiota|net19"}, {"weight": 4, "source": "xiota|fully_differential_gain_boosting_MM7", "target": "xiota|net21"}, {"weight": 1, "source": "Voutp", "target": "xiota|fully_differential_gain_boosting_MM5"}, {"weight": 1, "source": "xiota|net19", "target": "xiota|XI1|fully_differential_MM1"}, {"weight": 1, "source": "xiota|net19", "target": "xiota|XI1|fully_differential_MM3"}, {"weight": 1, "source": "xiota|net21", "target": "xiota|fully_differential_gain_boosting_MM0"}, {"weight": 2, "source": "xiota|net21", "target": "xiota|XI1|fully_differential_MM3"}, {"weight": 2, "source": "xiota|fully_differential_gain_boosting_MM3", "target": "Vinp"}, {"weight": 4, "source": "xiota|fully_differential_gain_boosting_MM3", "target": "xiota|net15"}, {"weight": 4, "source": "xiota|net15", "target": "xiota|fully_differential_gain_boosting_MM0"}, {"weight": 1, "source": "xiota|net15", "target": "xiota|fully_differential_gain_boosting_MM4"}, {"weight": 2, "source": "xiota|fully_differential_gain_boosting_MM0", "target": "Vinn"}, {"weight": 2, "source": "xiota|fully_differential_gain_boosting_MM4", "target": "LG_Vbiasn"}, {"weight": 4, "source": "xiota|fully_differential_gain_boosting_MM4", "target": "xiota|gnd!"}, {"weight": 2, "source": "LG_Vbiasn", "target": "xiLG_npmos|LG_npmos_MM4"}, {"weight": 3, "source": "LG_Vbiasn", "target": "xiLG_npmos|LG_npmos_MM2"}, {"weight": 1, "source": "LG_Vbiasn", "target": "xiLG_npmos|LG_npmos_MM1"}, {"weight": 2, "source": "xiota|fully_differential_gain_boosting_MM6", "target": "xiota|net24"}, {"weight": 4, "source": "xiota|fully_differential_gain_boosting_MM6", "target": "xiota|net25"}, {"weight": 1, "source": "xiota|net24", "target": "xiota|XI3|fully_differential_MM1"}, {"weight": 1, "source": "xiota|net24", "target": "xiota|XI3|fully_differential_MM3"}, {"weight": 1, "source": "xiota|net25", "target": "xiota|fully_differential_gain_boosting_MM1"}, {"weight": 2, "source": "xiota|net25", "target": "xiota|XI3|fully_differential_MM3"}, {"weight": 2, "source": "xiota|fully_differential_gain_boosting_MM5", "target": "xiota|net20"}, {"weight": 4, "source": "xiota|fully_differential_gain_boosting_MM5", "target": "xiota|net12"}, {"weight": 1, "source": "xiota|net20", "target": "xiota|XI3|fully_differential_MM2"}, {"weight": 1, "source": "xiota|net20", "target": "xiota|XI3|fully_differential_MM0"}, {"weight": 1, "source": "xiota|net12", "target": "xiota|fully_differential_gain_boosting_MM2"}, {"weight": 2, "source": "xiota|net12", "target": "xiota|XI3|fully_differential_MM0"}, {"weight": 2, "source": "xiota|fully_differential_gain_boosting_MM1", "target": "LG_Vbiasp"}, {"weight": 4, "source": "xiota|fully_differential_gain_boosting_MM1", "target": "xiota|vdd!"}, {"weight": 2, "source": "LG_Vbiasp", "target": "xiota|fully_differential_gain_boosting_MM2"}, {"weight": 1, "source": "LG_Vbiasp", "target": "xiLG_npmos|LG_npmos_MM4"}, {"weight": 3, "source": "LG_Vbiasp", "target": "xiLG_npmos|LG_npmos_MM3"}, {"weight": 4, "source": "xiota|vdd!", "target": "xiota|fully_differential_gain_boosting_MM2"}, {"weight": 2, "source": "xiota|XI3|fully_differential_MM1", "target": "xiota|XI3|Vbiasp"}, {"weight": 4, "source": "xiota|XI3|fully_differential_MM1", "target": "xiota|XI3|vdd!"}, {"weight": 2, "source": "xiota|XI3|Vbiasp", "target": "xiota|XI3|fully_differential_MM2"}, {"weight": 4, "source": "xiota|XI3|vdd!", "target": "xiota|XI3|fully_differential_MM2"}, {"weight": 1, "source": "xiota|XI3|fully_differential_MM4", "target": "xiota|XI3|net14"}, {"weight": 2, "source": "xiota|XI3|fully_differential_MM4", "target": "xiota|XI3|Vbiasn"}, {"weight": 4, "source": "xiota|XI3|fully_differential_MM4", "target": "xiota|XI3|gnd!"}, {"weight": 4, "source": "xiota|XI3|net14", "target": "xiota|XI3|fully_differential_MM3"}, {"weight": 4, "source": "xiota|XI3|net14", "target": "xiota|XI3|fully_differential_MM0"}, {"weight": 2, "source": "xiota|XI1|fully_differential_MM1", "target": "xiota|XI1|Vbiasp"}, {"weight": 4, "source": "xiota|XI1|fully_differential_MM1", "target": "xiota|XI1|vdd!"}, {"weight": 2, "source": "xiota|XI1|Vbiasp", "target": "xiota|XI1|fully_differential_MM2"}, {"weight": 4, "source": "xiota|XI1|vdd!", "target": "xiota|XI1|fully_differential_MM2"}, {"weight": 1, "source": "xiota|XI1|fully_differential_MM4", "target": "xiota|XI1|net14"}, {"weight": 2, "source": "xiota|XI1|fully_differential_MM4", "target": "xiota|XI1|Vbiasn"}, {"weight": 4, "source": "xiota|XI1|fully_differential_MM4", "target": "xiota|XI1|gnd!"}, {"weight": 4, "source": "xiota|XI1|net14", "target": "xiota|XI1|fully_differential_MM3"}, {"weight": 4, "source": "xiota|XI1|net14", "target": "xiota|XI1|fully_differential_MM0"}, {"weight": 4, "source": "xiLG_npmos|LG_npmos_MM4", "target": "xiLG_npmos|gnd!"}, {"weight": 4, "source": "xiLG_npmos|gnd!", "target": "xiLG_npmos|LG_npmos_MM2"}, {"weight": 4, "source": "xiLG_npmos|gnd!", "target": "xiLG_npmos|LG_npmos_MM10"}, {"weight": 1, "source": "xiLG_npmos|LG_npmos_MM10", "target": "xiLG_npmos|neta"}, {"weight": 2, "source": "xiLG_npmos|LG_npmos_MM10", "target": "Biasn"}, {"weight": 2, "source": "xiLG_npmos|neta", "target": "xiLG_npmos|LG_npmos_MM1"}, {"weight": 3, "source": "xiLG_npmos|neta", "target": "xiLG_npmos|LG_npmos_MM0"}, {"weight": 8, "source": "Biasn", "target": "xibCR7_1|CR7_1_RR1"}, {"weight": 8, "source": "Biasn", "target": "xibCR7_1|CR7_1_RRF"}, {"weight": 2, "source": "Biasn", "target": "xibCR7_1|CR7_1_MM1"}, {"weight": 3, "source": "Biasn", "target": "xibCR7_1|CR7_1_MM0"}, {"weight": 4, "source": "xiLG_npmos|LG_npmos_MM3", "target": "xiLG_npmos|vdd!"}, {"weight": 4, "source": "xiLG_npmos|vdd!", "target": "xiLG_npmos|LG_npmos_MM1"}, {"weight": 4, "source": "xiLG_npmos|vdd!", "target": "xiLG_npmos|LG_npmos_MM0"}, {"weight": 8, "source": "xibCR7_1|CR7_1_RR1", "target": "xibCR7_1|net7"}, {"weight": 8, "source": "xibCR7_1|net7", "target": "xibCR7_1|CR7_1_RR0"}, {"weight": 1, "source": "xibCR7_1|net7", "target": "xibCR7_1|CR7_1_MM1"}, {"weight": 8, "source": "xibCR7_1|CR7_1_RR0", "target": "xibCR7_1|vdd!"}, {"weight": 8, "source": "xibCR7_1|vdd!", "target": "xibCR7_1|CR7_1_RRF"}, {"weight": 4, "source": "xibCR7_1|CR7_1_MM1", "target": "xibCR7_1|gnd!"}, {"weight": 4, "source": "xibCR7_1|gnd!", "target": "xibCR7_1|CR7_1_MM0"}]}