{"directed": false, "multigraph": false, "graph": {}, "nodes": [{"inst_type": "pmos", "ports": ["Voutp", "Vinn", "xiota|net12"], "edge_weight": [1, 2, 4], "values": 1, "sub_graph": null, "id": "xiota|fully_differential_pmos_MM7"}, {"inst_type": "net", "net_type": "internal", "id": "Voutp"}, {"inst_type": "net", "net_type": "internal", "id": "Vinn"}, {"inst_type": "net", "net_type": "internal", "id": "xiota|net12"}, {"inst_type": "pmos", "ports": ["Voutn", "Vinp", "xiota|net12"], "edge_weight": [1, 2, 4], "values": 1, "sub_graph": null, "id": "xiota|fully_differential_pmos_MM6"}, {"inst_type": "net", "net_type": "internal", "id": "Voutn"}, {"inst_type": "net", "net_type": "internal", "id": "Vinp"}, {"inst_type": "pmos", "ports": ["xiota|net12", "LG_Vbiasp", "xiota|vdd!"], "edge_weight": [1, 2, 4], "values": 1, "sub_graph": null, "id": "xiota|fully_differential_pmos_MM5"}, {"inst_type": "net", "net_type": "internal", "id": "LG_Vbiasp"}, {"inst_type": "net", "net_type": "internal", "id": "xiota|vdd!"}, {"inst_type": "nmos", "ports": ["Voutp", "LG_Vbiasn", "xiota|gnd!"], "edge_weight": [1, 2, 4], "values": 1, "sub_graph": null, "id": "xiota|fully_differential_pmos_MM9"}, {"inst_type": "net", "net_type": "internal", "id": "LG_Vbiasn"}, {"inst_type": "net", "net_type": "internal", "id": "xiota|gnd!"}, {"inst_type": "nmos", "ports": ["Voutn", "LG_Vbiasn", "xiota|gnd!"], "edge_weight": [1, 2, 4], "values": 1, "sub_graph": null, "id": "xiota|fully_differential_pmos_MM8"}, {"inst_type": "nmos", "ports": ["LG_Vbiasp", "LG_Vbiasn", "xiLG_pmos_l1|gnd!"], "edge_weight": [1, 2, 4], "values": 1, "sub_graph": null, "id": "xiLG_pmos_l1|LG_pmos_l1_MM0"}, {"inst_type": "net", "net_type": "internal", "id": "xiLG_pmos_l1|gnd!"}, {"inst_type": "nmos", "ports": ["LG_Vbiasn", "LG_Vbiasn", "xiLG_pmos_l1|gnd!"], "edge_weight": [1, 2, 4], "values": 1, "sub_graph": null, "id": "xiLG_pmos_l1|LG_pmos_l1_MM8"}, {"inst_type": "pmos", "ports": ["LG_Vbiasp", "LG_Vbiasp", "xiLG_pmos_l1|vdd!"], "edge_weight": [1, 2, 4], "values": 1, "sub_graph": null, "id": "xiLG_pmos_l1|LG_pmos_l1_MM3"}, {"inst_type": "net", "net_type": "internal", "id": "xiLG_pmos_l1|vdd!"}, {"inst_type": "pmos", "ports": ["LG_Vbiasn", "Biasp", "xiLG_pmos_l1|vdd!"], "edge_weight": [1, 2, 4], "values": 1, "sub_graph": null, "id": "xiLG_pmos_l1|LG_pmos_l1_MM10"}, {"inst_type": "net", "net_type": "internal", "id": "Biasp"}, {"inst_type": "nmos", "ports": ["Biasp", "Biasn2", "Biasn1"], "edge_weight": [1, 2, 4], "values": 1, "sub_graph": null, "id": "xibCR6_3|CR6_3_MM2"}, {"inst_type": "net", "net_type": "internal", "id": "Biasn2"}, {"inst_type": "net", "net_type": "internal", "id": "Biasn1"}, {"inst_type": "nmos", "ports": ["Biasn2", "Biasn1", "xibCR6_3|gnd!"], "edge_weight": [1, 2, 4], "values": 1, "sub_graph": null, "id": "xibCR6_3|CR6_3_MM0"}, {"inst_type": "net", "net_type": "internal", "id": "xibCR6_3|gnd!"}, {"inst_type": "nmos", "ports": ["Biasn1", "xibCR6_3|net15", "xibCR6_3|gnd!"], "edge_weight": [1, 2, 4], "values": 1, "sub_graph": null, "id": "xibCR6_3|CR6_3_MM4"}, {"inst_type": "net", "net_type": "internal", "id": "xibCR6_3|net15"}, {"inst_type": "nmos", "ports": ["xibCR6_3|net15", "xibCR6_3|net15", "xibCR6_3|gnd!"], "edge_weight": [1, 2, 4], "values": 1, "sub_graph": null, "id": "xibCR6_3|CR6_3_MM5"}, {"inst_type": "pmos", "ports": ["Biasp", "Biasp", "xibCR6_3|vdd!"], "edge_weight": [1, 2, 4], "values": 1, "sub_graph": null, "id": "xibCR6_3|CR6_3_MM3"}, {"inst_type": "net", "net_type": "internal", "id": "xibCR6_3|vdd!"}, {"inst_type": "pmos", "ports": ["Biasn2", "Biasp", "xibCR6_3|vdd!"], "edge_weight": [1, 2, 4], "values": 1, "sub_graph": null, "id": "xibCR6_3|CR6_3_MM1"}, {"inst_type": "pmos", "ports": ["xibCR6_3|net15", "Biasp", "xibCR6_3|vdd!"], "edge_weight": [1, 2, 4], "values": 1, "sub_graph": null, "id": "xibCR6_3|CR6_3_MM6"}], "links": [{"weight": 1, "source": "xiota|fully_differential_pmos_MM7", "target": "Voutp"}, {"weight": 2, "source": "xiota|fully_differential_pmos_MM7", "target": "Vinn"}, {"weight": 4, "source": "xiota|fully_differential_pmos_MM7", "target": "xiota|net12"}, {"weight": 1, "source": "Voutp", "target": "xiota|fully_differential_pmos_MM9"}, {"weight": 4, "source": "xiota|net12", "target": "xiota|fully_differential_pmos_MM6"}, {"weight": 1, "source": "xiota|net12", "target": "xiota|fully_differential_pmos_MM5"}, {"weight": 1, "source": "xiota|fully_differential_pmos_MM6", "target": "Voutn"}, {"weight": 2, "source": "xiota|fully_differential_pmos_MM6", "target": "Vinp"}, {"weight": 1, "source": "Voutn", "target": "xiota|fully_differential_pmos_MM8"}, {"weight": 2, "source": "xiota|fully_differential_pmos_MM5", "target": "LG_Vbiasp"}, {"weight": 4, "source": "xiota|fully_differential_pmos_MM5", "target": "xiota|vdd!"}, {"weight": 1, "source": "LG_Vbiasp", "target": "xiLG_pmos_l1|LG_pmos_l1_MM0"}, {"weight": 3, "source": "LG_Vbiasp", "target": "xiLG_pmos_l1|LG_pmos_l1_MM3"}, {"weight": 2, "source": "xiota|fully_differential_pmos_MM9", "target": "LG_Vbiasn"}, {"weight": 4, "source": "xiota|fully_differential_pmos_MM9", "target": "xiota|gnd!"}, {"weight": 2, "source": "LG_Vbiasn", "target": "xiota|fully_differential_pmos_MM8"}, {"weight": 2, "source": "LG_Vbiasn", "target": "xiLG_pmos_l1|LG_pmos_l1_MM0"}, {"weight": 3, "source": "LG_Vbiasn", "target": "xiLG_pmos_l1|LG_pmos_l1_MM8"}, {"weight": 1, "source": "LG_Vbiasn", "target": "xiLG_pmos_l1|LG_pmos_l1_MM10"}, {"weight": 4, "source": "xiota|gnd!", "target": "xiota|fully_differential_pmos_MM8"}, {"weight": 4, "source": "xiLG_pmos_l1|LG_pmos_l1_MM0", "target": "xiLG_pmos_l1|gnd!"}, {"weight": 4, "source": "xiLG_pmos_l1|gnd!", "target": "xiLG_pmos_l1|LG_pmos_l1_MM8"}, {"weight": 4, "source": "xiLG_pmos_l1|LG_pmos_l1_MM3", "target": "xiLG_pmos_l1|vdd!"}, {"weight": 4, "source": "xiLG_pmos_l1|vdd!", "target": "xiLG_pmos_l1|LG_pmos_l1_MM10"}, {"weight": 2, "source": "xiLG_pmos_l1|LG_pmos_l1_MM10", "target": "Biasp"}, {"weight": 1, "source": "Biasp", "target": "xibCR6_3|CR6_3_MM2"}, {"weight": 3, "source": "Biasp", "target": "xibCR6_3|CR6_3_MM3"}, {"weight": 2, "source": "Biasp", "target": "xibCR6_3|CR6_3_MM1"}, {"weight": 2, "source": "Biasp", "target": "xibCR6_3|CR6_3_MM6"}, {"weight": 2, "source": "xibCR6_3|CR6_3_MM2", "target": "Biasn2"}, {"weight": 4, "source": "xibCR6_3|CR6_3_MM2", "target": "Biasn1"}, {"weight": 1, "source": "Biasn2", "target": "xibCR6_3|CR6_3_MM0"}, {"weight": 1, "source": "Biasn2", "target": "xibCR6_3|CR6_3_MM1"}, {"weight": 2, "source": "Biasn1", "target": "xibCR6_3|CR6_3_MM0"}, {"weight": 1, "source": "Biasn1", "target": "xibCR6_3|CR6_3_MM4"}, {"weight": 4, "source": "xibCR6_3|CR6_3_MM0", "target": "xibCR6_3|gnd!"}, {"weight": 4, "source": "xibCR6_3|gnd!", "target": "xibCR6_3|CR6_3_MM4"}, {"weight": 4, "source": "xibCR6_3|gnd!", "target": "xibCR6_3|CR6_3_MM5"}, {"weight": 2, "source": "xibCR6_3|CR6_3_MM4", "target": "xibCR6_3|net15"}, {"weight": 3, "source": "xibCR6_3|net15", "target": "xibCR6_3|CR6_3_MM5"}, {"weight": 1, "source": "xibCR6_3|net15", "target": "xibCR6_3|CR6_3_MM6"}, {"weight": 4, "source": "xibCR6_3|CR6_3_MM3", "target": "xibCR6_3|vdd!"}, {"weight": 4, "source": "xibCR6_3|vdd!", "target": "xibCR6_3|CR6_3_MM1"}, {"weight": 4, "source": "xibCR6_3|vdd!", "target": "xibCR6_3|CR6_3_MM6"}]}