{"directed": false, "multigraph": false, "graph": {}, "nodes": [{"inst_type": "pmos", "ports": ["Voutn", "LG_Vbiasp", "xiota|vdd!"], "edge_weight": [1, 2, 4], "values": 1, "sub_graph": null, "id": "xiota|fully_differential_MM1"}, {"inst_type": "net", "net_type": "internal", "id": "Voutn"}, {"inst_type": "net", "net_type": "internal", "id": "LG_Vbiasp"}, {"inst_type": "net", "net_type": "internal", "id": "xiota|vdd!"}, {"inst_type": "pmos", "ports": ["Voutp", "LG_Vbiasp", "xiota|vdd!"], "edge_weight": [1, 2, 4], "values": 1, "sub_graph": null, "id": "xiota|fully_differential_MM2"}, {"inst_type": "net", "net_type": "internal", "id": "Voutp"}, {"inst_type": "nmos", "ports": ["xiota|net14", "LG_Vbiasn", "xiota|gnd!"], "edge_weight": [1, 2, 4], "values": 1, "sub_graph": null, "id": "xiota|fully_differential_MM4"}, {"inst_type": "net", "net_type": "internal", "id": "xiota|net14"}, {"inst_type": "net", "net_type": "internal", "id": "LG_Vbiasn"}, {"inst_type": "net", "net_type": "internal", "id": "xiota|gnd!"}, {"inst_type": "nmos", "ports": ["Voutn", "Vinp", "xiota|net14"], "edge_weight": [1, 2, 4], "values": 1, "sub_graph": null, "id": "xiota|fully_differential_MM3"}, {"inst_type": "net", "net_type": "internal", "id": "Vinp"}, {"inst_type": "nmos", "ports": ["Voutp", "Vinn", "xiota|net14"], "edge_weight": [1, 2, 4], "values": 1, "sub_graph": null, "id": "xiota|fully_differential_MM0"}, {"inst_type": "net", "net_type": "internal", "id": "Vinn"}, {"inst_type": "nmos", "ports": ["LG_Vbiasn", "LG_Vbiasn", "xiLG_pnmos_4|gnd!"], "edge_weight": [1, 2, 4], "values": 1, "sub_graph": null, "id": "xiLG_pnmos_4|LG_pnmos_4_MM1"}, {"inst_type": "net", "net_type": "internal", "id": "xiLG_pnmos_4|gnd!"}, {"inst_type": "nmos", "ports": ["LG_Vbiasp", "xiLG_pnmos_4|net6", "xiLG_pnmos_4|gnd!"], "edge_weight": [1, 2, 4], "values": 1, "sub_graph": null, "id": "xiLG_pnmos_4|LG_pnmos_4_MM0"}, {"inst_type": "net", "net_type": "internal", "id": "xiLG_pnmos_4|net6"}, {"inst_type": "nmos", "ports": ["xiLG_pnmos_4|net6", "xiLG_pnmos_4|net6", "xiLG_pnmos_4|gnd!"], "edge_weight": [1, 2, 4], "values": 1, "sub_graph": null, "id": "xiLG_pnmos_4|LG_pnmos_4_MM8"}, {"inst_type": "pmos", "ports": ["LG_Vbiasn", "LG_Vbiasp", "xiLG_pnmos_4|vdd!"], "edge_weight": [1, 2, 4], "values": 1, "sub_graph": null, "id": "xiLG_pnmos_4|LG_pnmos_4_MM2"}, {"inst_type": "net", "net_type": "internal", "id": "xiLG_pnmos_4|vdd!"}, {"inst_type": "pmos", "ports": ["LG_Vbiasp", "LG_Vbiasp", "xiLG_pnmos_4|vdd!"], "edge_weight": [1, 2, 4], "values": 1, "sub_graph": null, "id": "xiLG_pnmos_4|LG_pnmos_4_MM3"}, {"inst_type": "pmos", "ports": ["xiLG_pnmos_4|net6", "Biasp", "xiLG_pnmos_4|vdd!"], "edge_weight": [1, 2, 4], "values": 1, "sub_graph": null, "id": "xiLG_pnmos_4|LG_pnmos_4_MM10"}, {"inst_type": "net", "net_type": "internal", "id": "Biasp"}, {"inst_type": "res", "ports": ["Biasp", "xibCR15_1|gnd!"], "edge_weight": [8, 8], "values": 1, "sub_graph": null, "id": "xibCR15_1|CR15_1_RR1"}, {"inst_type": "net", "net_type": "internal", "id": "xibCR15_1|gnd!"}, {"inst_type": "pmos", "ports": ["Biasp", "Biasp", "xibCR15_1|vdd!"], "edge_weight": [1, 2, 4], "values": 1, "sub_graph": null, "id": "xibCR15_1|CR15_1_MM2"}, {"inst_type": "net", "net_type": "internal", "id": "xibCR15_1|vdd!"}], "links": [{"weight": 1, "source": "xiota|fully_differential_MM1", "target": "Voutn"}, {"weight": 2, "source": "xiota|fully_differential_MM1", "target": "LG_Vbiasp"}, {"weight": 4, "source": "xiota|fully_differential_MM1", "target": "xiota|vdd!"}, {"weight": 1, "source": "Voutn", "target": "xiota|fully_differential_MM3"}, {"weight": 2, "source": "LG_Vbiasp", "target": "xiota|fully_differential_MM2"}, {"weight": 1, "source": "LG_Vbiasp", "target": "xiLG_pnmos_4|LG_pnmos_4_MM0"}, {"weight": 2, "source": "LG_Vbiasp", "target": "xiLG_pnmos_4|LG_pnmos_4_MM2"}, {"weight": 3, "source": "LG_Vbiasp", "target": "xiLG_pnmos_4|LG_pnmos_4_MM3"}, {"weight": 4, "source": "xiota|vdd!", "target": "xiota|fully_differential_MM2"}, {"weight": 1, "source": "xiota|fully_differential_MM2", "target": "Voutp"}, {"weight": 1, "source": "Voutp", "target": "xiota|fully_differential_MM0"}, {"weight": 1, "source": "xiota|fully_differential_MM4", "target": "xiota|net14"}, {"weight": 2, "source": "xiota|fully_differential_MM4", "target": "LG_Vbiasn"}, {"weight": 4, "source": "xiota|fully_differential_MM4", "target": "xiota|gnd!"}, {"weight": 4, "source": "xiota|net14", "target": "xiota|fully_differential_MM3"}, {"weight": 4, "source": "xiota|net14", "target": "xiota|fully_differential_MM0"}, {"weight": 3, "source": "LG_Vbiasn", "target": "xiLG_pnmos_4|LG_pnmos_4_MM1"}, {"weight": 1, "source": "LG_Vbiasn", "target": "xiLG_pnmos_4|LG_pnmos_4_MM2"}, {"weight": 2, "source": "xiota|fully_differential_MM3", "target": "Vinp"}, {"weight": 2, "source": "xiota|fully_differential_MM0", "target": "Vinn"}, {"weight": 4, "source": "xiLG_pnmos_4|LG_pnmos_4_MM1", "target": "xiLG_pnmos_4|gnd!"}, {"weight": 4, "source": "xiLG_pnmos_4|gnd!", "target": "xiLG_pnmos_4|LG_pnmos_4_MM0"}, {"weight": 4, "source": "xiLG_pnmos_4|gnd!", "target": "xiLG_pnmos_4|LG_pnmos_4_MM8"}, {"weight": 2, "source": "xiLG_pnmos_4|LG_pnmos_4_MM0", "target": "xiLG_pnmos_4|net6"}, {"weight": 3, "source": "xiLG_pnmos_4|net6", "target": "xiLG_pnmos_4|LG_pnmos_4_MM8"}, {"weight": 1, "source": "xiLG_pnmos_4|net6", "target": "xiLG_pnmos_4|LG_pnmos_4_MM10"}, {"weight": 4, "source": "xiLG_pnmos_4|LG_pnmos_4_MM2", "target": "xiLG_pnmos_4|vdd!"}, {"weight": 4, "source": "xiLG_pnmos_4|vdd!", "target": "xiLG_pnmos_4|LG_pnmos_4_MM3"}, {"weight": 4, "source": "xiLG_pnmos_4|vdd!", "target": "xiLG_pnmos_4|LG_pnmos_4_MM10"}, {"weight": 2, "source": "xiLG_pnmos_4|LG_pnmos_4_MM10", "target": "Biasp"}, {"weight": 8, "source": "Biasp", "target": "xibCR15_1|CR15_1_RR1"}, {"weight": 3, "source": "Biasp", "target": "xibCR15_1|CR15_1_MM2"}, {"weight": 8, "source": "xibCR15_1|CR15_1_RR1", "target": "xibCR15_1|gnd!"}, {"weight": 4, "source": "xibCR15_1|CR15_1_MM2", "target": "xibCR15_1|vdd!"}]}