{"directed": false, "multigraph": false, "graph": {}, "nodes": [{"inst_type": "pmos", "ports": ["Voutp", "Vinn", "xiota|net12"], "edge_weight": [1, 2, 4], "values": 1, "sub_graph": null, "id": "xiota|fully_differential_pmos_MM7"}, {"inst_type": "net", "net_type": "internal", "id": "Voutp"}, {"inst_type": "net", "net_type": "internal", "id": "Vinn"}, {"inst_type": "net", "net_type": "internal", "id": "xiota|net12"}, {"inst_type": "pmos", "ports": ["Voutn", "Vinp", "xiota|net12"], "edge_weight": [1, 2, 4], "values": 1, "sub_graph": null, "id": "xiota|fully_differential_pmos_MM6"}, {"inst_type": "net", "net_type": "internal", "id": "Voutn"}, {"inst_type": "net", "net_type": "internal", "id": "Vinp"}, {"inst_type": "pmos", "ports": ["xiota|net12", "LG_Vbiasp", "xiota|vdd!"], "edge_weight": [1, 2, 4], "values": 1, "sub_graph": null, "id": "xiota|fully_differential_pmos_MM5"}, {"inst_type": "net", "net_type": "internal", "id": "LG_Vbiasp"}, {"inst_type": "net", "net_type": "internal", "id": "xiota|vdd!"}, {"inst_type": "nmos", "ports": ["Voutp", "LG_Vbiasn", "xiota|gnd!"], "edge_weight": [1, 2, 4], "values": 1, "sub_graph": null, "id": "xiota|fully_differential_pmos_MM9"}, {"inst_type": "net", "net_type": "internal", "id": "LG_Vbiasn"}, {"inst_type": "net", "net_type": "internal", "id": "xiota|gnd!"}, {"inst_type": "nmos", "ports": ["Voutn", "LG_Vbiasn", "xiota|gnd!"], "edge_weight": [1, 2, 4], "values": 1, "sub_graph": null, "id": "xiota|fully_differential_pmos_MM8"}, {"inst_type": "nmos", "ports": ["LG_Vbiasp", "LG_Vbiasn", "xiLG_npmos|gnd!"], "edge_weight": [1, 2, 4], "values": 1, "sub_graph": null, "id": "xiLG_npmos|LG_npmos_MM4"}, {"inst_type": "net", "net_type": "internal", "id": "xiLG_npmos|gnd!"}, {"inst_type": "nmos", "ports": ["LG_Vbiasn", "LG_Vbiasn", "xiLG_npmos|gnd!"], "edge_weight": [1, 2, 4], "values": 1, "sub_graph": null, "id": "xiLG_npmos|LG_npmos_MM2"}, {"inst_type": "nmos", "ports": ["xiLG_npmos|neta", "Biasn", "xiLG_npmos|gnd!"], "edge_weight": [1, 2, 4], "values": 1, "sub_graph": null, "id": "xiLG_npmos|LG_npmos_MM10"}, {"inst_type": "net", "net_type": "internal", "id": "xiLG_npmos|neta"}, {"inst_type": "net", "net_type": "internal", "id": "Biasn"}, {"inst_type": "pmos", "ports": ["LG_Vbiasp", "LG_Vbiasp", "xiLG_npmos|vdd!"], "edge_weight": [1, 2, 4], "values": 1, "sub_graph": null, "id": "xiLG_npmos|LG_npmos_MM3"}, {"inst_type": "net", "net_type": "internal", "id": "xiLG_npmos|vdd!"}, {"inst_type": "pmos", "ports": ["LG_Vbiasn", "xiLG_npmos|neta", "xiLG_npmos|vdd!"], "edge_weight": [1, 2, 4], "values": 1, "sub_graph": null, "id": "xiLG_npmos|LG_npmos_MM1"}, {"inst_type": "pmos", "ports": ["xiLG_npmos|neta", "xiLG_npmos|neta", "xiLG_npmos|vdd!"], "edge_weight": [1, 2, 4], "values": 1, "sub_graph": null, "id": "xiLG_npmos|LG_npmos_MM0"}, {"inst_type": "res", "ports": ["xibCR11_1|vdd!", "Biasn"], "edge_weight": [8, 8], "values": 1, "sub_graph": null, "id": "xibCR11_1|CR11_1_RRF"}, {"inst_type": "net", "net_type": "internal", "id": "xibCR11_1|vdd!"}, {"inst_type": "nmos", "ports": ["xibCR11_1|net9", "Biasn", "xibCR11_1|gnd!"], "edge_weight": [1, 2, 4], "values": 1, "sub_graph": null, "id": "xibCR11_1|CR11_1_MM1"}, {"inst_type": "net", "net_type": "internal", "id": "xibCR11_1|net9"}, {"inst_type": "net", "net_type": "internal", "id": "xibCR11_1|gnd!"}, {"inst_type": "nmos", "ports": ["Biasn", "Biasn", "xibCR11_1|gnd!"], "edge_weight": [1, 2, 4], "values": 1, "sub_graph": null, "id": "xibCR11_1|CR11_1_MM0"}, {"inst_type": "pmos", "ports": ["xibCR11_1|net9", "xibCR11_1|net9", "xibCR11_1|vdd!"], "edge_weight": [1, 2, 4], "values": 1, "sub_graph": null, "id": "xibCR11_1|CR11_1_MM3"}, {"inst_type": "pmos", "ports": ["Biasn", "xibCR11_1|net9", "xibCR11_1|vdd!"], "edge_weight": [1, 2, 4], "values": 1, "sub_graph": null, "id": "xibCR11_1|CR11_1_MM2"}], "links": [{"weight": 1, "source": "xiota|fully_differential_pmos_MM7", "target": "Voutp"}, {"weight": 2, "source": "xiota|fully_differential_pmos_MM7", "target": "Vinn"}, {"weight": 4, "source": "xiota|fully_differential_pmos_MM7", "target": "xiota|net12"}, {"weight": 1, "source": "Voutp", "target": "xiota|fully_differential_pmos_MM9"}, {"weight": 4, "source": "xiota|net12", "target": "xiota|fully_differential_pmos_MM6"}, {"weight": 1, "source": "xiota|net12", "target": "xiota|fully_differential_pmos_MM5"}, {"weight": 1, "source": "xiota|fully_differential_pmos_MM6", "target": "Voutn"}, {"weight": 2, "source": "xiota|fully_differential_pmos_MM6", "target": "Vinp"}, {"weight": 1, "source": "Voutn", "target": "xiota|fully_differential_pmos_MM8"}, {"weight": 2, "source": "xiota|fully_differential_pmos_MM5", "target": "LG_Vbiasp"}, {"weight": 4, "source": "xiota|fully_differential_pmos_MM5", "target": "xiota|vdd!"}, {"weight": 1, "source": "LG_Vbiasp", "target": "xiLG_npmos|LG_npmos_MM4"}, {"weight": 3, "source": "LG_Vbiasp", "target": "xiLG_npmos|LG_npmos_MM3"}, {"weight": 2, "source": "xiota|fully_differential_pmos_MM9", "target": "LG_Vbiasn"}, {"weight": 4, "source": "xiota|fully_differential_pmos_MM9", "target": "xiota|gnd!"}, {"weight": 2, "source": "LG_Vbiasn", "target": "xiota|fully_differential_pmos_MM8"}, {"weight": 2, "source": "LG_Vbiasn", "target": "xiLG_npmos|LG_npmos_MM4"}, {"weight": 3, "source": "LG_Vbiasn", "target": "xiLG_npmos|LG_npmos_MM2"}, {"weight": 1, "source": "LG_Vbiasn", "target": "xiLG_npmos|LG_npmos_MM1"}, {"weight": 4, "source": "xiota|gnd!", "target": "xiota|fully_differential_pmos_MM8"}, {"weight": 4, "source": "xiLG_npmos|LG_npmos_MM4", "target": "xiLG_npmos|gnd!"}, {"weight": 4, "source": "xiLG_npmos|gnd!", "target": "xiLG_npmos|LG_npmos_MM2"}, {"weight": 4, "source": "xiLG_npmos|gnd!", "target": "xiLG_npmos|LG_npmos_MM10"}, {"weight": 1, "source": "xiLG_npmos|LG_npmos_MM10", "target": "xiLG_npmos|neta"}, {"weight": 2, "source": "xiLG_npmos|LG_npmos_MM10", "target": "Biasn"}, {"weight": 2, "source": "xiLG_npmos|neta", "target": "xiLG_npmos|LG_npmos_MM1"}, {"weight": 3, "source": "xiLG_npmos|neta", "target": "xiLG_npmos|LG_npmos_MM0"}, {"weight": 8, "source": "Biasn", "target": "xibCR11_1|CR11_1_RRF"}, {"weight": 2, "source": "Biasn", "target": "xibCR11_1|CR11_1_MM1"}, {"weight": 3, "source": "Biasn", "target": "xibCR11_1|CR11_1_MM0"}, {"weight": 1, "source": "Biasn", "target": "xibCR11_1|CR11_1_MM2"}, {"weight": 4, "source": "xiLG_npmos|LG_npmos_MM3", "target": "xiLG_npmos|vdd!"}, {"weight": 4, "source": "xiLG_npmos|vdd!", "target": "xiLG_npmos|LG_npmos_MM1"}, {"weight": 4, "source": "xiLG_npmos|vdd!", "target": "xiLG_npmos|LG_npmos_MM0"}, {"weight": 8, "source": "xibCR11_1|CR11_1_RRF", "target": "xibCR11_1|vdd!"}, {"weight": 4, "source": "xibCR11_1|vdd!", "target": "xibCR11_1|CR11_1_MM3"}, {"weight": 4, "source": "xibCR11_1|vdd!", "target": "xibCR11_1|CR11_1_MM2"}, {"weight": 1, "source": "xibCR11_1|CR11_1_MM1", "target": "xibCR11_1|net9"}, {"weight": 4, "source": "xibCR11_1|CR11_1_MM1", "target": "xibCR11_1|gnd!"}, {"weight": 3, "source": "xibCR11_1|net9", "target": "xibCR11_1|CR11_1_MM3"}, {"weight": 2, "source": "xibCR11_1|net9", "target": "xibCR11_1|CR11_1_MM2"}, {"weight": 4, "source": "xibCR11_1|gnd!", "target": "xibCR11_1|CR11_1_MM0"}]}