{"directed": false, "multigraph": false, "graph": {}, "nodes": [{"inst_type": "pmos", "ports": ["xiota|Voutp", "xiota|net15", "xiota|vdd!"], "edge_weight": [1, 2, 4], "values": 1, "sub_graph": null, "id": "xiota|fully_differential_miller_compensated_MM7"}, {"inst_type": "net", "net_type": "internal", "id": "xiota|Voutp"}, {"inst_type": "net", "net_type": "internal", "id": "xiota|net15"}, {"inst_type": "net", "net_type": "internal", "id": "xiota|vdd!"}, {"inst_type": "pmos", "ports": ["xiota|net22", "LG_Vbiasp", "xiota|vdd!"], "edge_weight": [1, 2, 4], "values": 1, "sub_graph": null, "id": "xiota|fully_differential_miller_compensated_MM1"}, {"inst_type": "net", "net_type": "internal", "id": "xiota|net22"}, {"inst_type": "net", "net_type": "internal", "id": "LG_Vbiasp"}, {"inst_type": "pmos", "ports": ["xiota|net15", "LG_Vbiasp", "xiota|vdd!"], "edge_weight": [1, 2, 4], "values": 1, "sub_graph": null, "id": "xiota|fully_differential_miller_compensated_MM2"}, {"inst_type": "pmos", "ports": ["Voutn", "xiota|net22", "xiota|vdd!"], "edge_weight": [1, 2, 4], "values": 1, "sub_graph": null, "id": "xiota|fully_differential_miller_compensated_MM5"}, {"inst_type": "net", "net_type": "internal", "id": "Voutn"}, {"inst_type": "nmos", "ports": ["xiota|Voutp", "LG_Vbiasn", "xiota|gnd!"], "edge_weight": [1, 2, 4], "values": 1, "sub_graph": null, "id": "xiota|fully_differential_miller_compensated_MM8"}, {"inst_type": "net", "net_type": "internal", "id": "LG_Vbiasn"}, {"inst_type": "net", "net_type": "internal", "id": "xiota|gnd!"}, {"inst_type": "nmos", "ports": ["xiota|net22", "Vinp", "xiota|net21"], "edge_weight": [1, 2, 4], "values": 1, "sub_graph": null, "id": "xiota|fully_differential_miller_compensated_MM3"}, {"inst_type": "net", "net_type": "internal", "id": "Vinp"}, {"inst_type": "net", "net_type": "internal", "id": "xiota|net21"}, {"inst_type": "nmos", "ports": ["xiota|net15", "Vinn", "xiota|net21"], "edge_weight": [1, 2, 4], "values": 1, "sub_graph": null, "id": "xiota|fully_differential_miller_compensated_MM0"}, {"inst_type": "net", "net_type": "internal", "id": "Vinn"}, {"inst_type": "nmos", "ports": ["xiota|net21", "LG_Vbiasn", "xiota|gnd!"], "edge_weight": [1, 2, 4], "values": 1, "sub_graph": null, "id": "xiota|fully_differential_miller_compensated_MM4"}, {"inst_type": "nmos", "ports": ["Voutn", "LG_Vbiasn", "xiota|gnd!"], "edge_weight": [1, 2, 4], "values": 1, "sub_graph": null, "id": "xiota|fully_differential_miller_compensated_MM6"}, {"inst_type": "cap", "ports": ["xiota|Voutp", "xiota|net15"], "edge_weight": [8, 8], "values": 1.0, "sub_graph": null, "id": "xiota|fully_differential_miller_compensated_CC1"}, {"inst_type": "cap", "ports": ["Voutn", "xiota|net22"], "edge_weight": [8, 8], "values": 1.0, "sub_graph": null, "id": "xiota|fully_differential_miller_compensated_CC0"}, {"inst_type": "nmos", "ports": ["LG_Vbiasp", "Biasn", "xiLG_pmos|gnd!"], "edge_weight": [1, 2, 4], "values": 1, "sub_graph": null, "id": "xiLG_pmos|LG_pmos_MM10"}, {"inst_type": "net", "net_type": "internal", "id": "Biasn"}, {"inst_type": "net", "net_type": "internal", "id": "xiLG_pmos|gnd!"}, {"inst_type": "pmos", "ports": ["LG_Vbiasp", "LG_Vbiasp", "xiLG_pmos|vdd!"], "edge_weight": [1, 2, 4], "values": 1, "sub_graph": null, "id": "xiLG_pmos|LG_pmos_MM3"}, {"inst_type": "net", "net_type": "internal", "id": "xiLG_pmos|vdd!"}, {"inst_type": "nmos", "ports": ["Vbiasp", "Biasn", "xibCR14_2|gnd!"], "edge_weight": [1, 2, 4], "values": 1, "sub_graph": null, "id": "xibCR14_2|CR14_2_MM2"}, {"inst_type": "net", "net_type": "internal", "id": "Vbiasp"}, {"inst_type": "net", "net_type": "internal", "id": "xibCR14_2|gnd!"}, {"inst_type": "nmos", "ports": ["xibCR14_2|net010", "Biasn", "xibCR14_2|gnd!"], "edge_weight": [1, 2, 4], "values": 1, "sub_graph": null, "id": "xibCR14_2|CR14_2_MM0"}, {"inst_type": "net", "net_type": "internal", "id": "xibCR14_2|net010"}, {"inst_type": "pmos", "ports": ["Vbiasp", "Vbiasp", "xibCR14_2|vdd!"], "edge_weight": [1, 2, 4], "values": 1, "sub_graph": null, "id": "xibCR14_2|CR14_2_MM3"}, {"inst_type": "net", "net_type": "internal", "id": "xibCR14_2|vdd!"}, {"inst_type": "pmos", "ports": ["Biasn", "Vbiasp", "xibCR14_2|vdd!"], "edge_weight": [1, 2, 4], "values": 1, "sub_graph": null, "id": "xibCR14_2|CR14_2_MM1"}, {"inst_type": "res", "ports": ["Biasn", "xibCR14_2|net010"], "edge_weight": [8, 8], "values": 1, "sub_graph": null, "id": "xibCR14_2|CR14_2_RR0"}], "links": [{"weight": 1, "source": "xiota|fully_differential_miller_compensated_MM7", "target": "xiota|Voutp"}, {"weight": 2, "source": "xiota|fully_differential_miller_compensated_MM7", "target": "xiota|net15"}, {"weight": 4, "source": "xiota|fully_differential_miller_compensated_MM7", "target": "xiota|vdd!"}, {"weight": 1, "source": "xiota|Voutp", "target": "xiota|fully_differential_miller_compensated_MM8"}, {"weight": 8, "source": "xiota|Voutp", "target": "xiota|fully_differential_miller_compensated_CC1"}, {"weight": 1, "source": "xiota|net15", "target": "xiota|fully_differential_miller_compensated_MM2"}, {"weight": 1, "source": "xiota|net15", "target": "xiota|fully_differential_miller_compensated_MM0"}, {"weight": 8, "source": "xiota|net15", "target": "xiota|fully_differential_miller_compensated_CC1"}, {"weight": 4, "source": "xiota|vdd!", "target": "xiota|fully_differential_miller_compensated_MM1"}, {"weight": 4, "source": "xiota|vdd!", "target": "xiota|fully_differential_miller_compensated_MM2"}, {"weight": 4, "source": "xiota|vdd!", "target": "xiota|fully_differential_miller_compensated_MM5"}, {"weight": 1, "source": "xiota|fully_differential_miller_compensated_MM1", "target": "xiota|net22"}, {"weight": 2, "source": "xiota|fully_differential_miller_compensated_MM1", "target": "LG_Vbiasp"}, {"weight": 2, "source": "xiota|net22", "target": "xiota|fully_differential_miller_compensated_MM5"}, {"weight": 1, "source": "xiota|net22", "target": "xiota|fully_differential_miller_compensated_MM3"}, {"weight": 8, "source": "xiota|net22", "target": "xiota|fully_differential_miller_compensated_CC0"}, {"weight": 2, "source": "LG_Vbiasp", "target": "xiota|fully_differential_miller_compensated_MM2"}, {"weight": 1, "source": "LG_Vbiasp", "target": "xiLG_pmos|LG_pmos_MM10"}, {"weight": 3, "source": "LG_Vbiasp", "target": "xiLG_pmos|LG_pmos_MM3"}, {"weight": 1, "source": "xiota|fully_differential_miller_compensated_MM5", "target": "Voutn"}, {"weight": 1, "source": "Voutn", "target": "xiota|fully_differential_miller_compensated_MM6"}, {"weight": 8, "source": "Voutn", "target": "xiota|fully_differential_miller_compensated_CC0"}, {"weight": 2, "source": "xiota|fully_differential_miller_compensated_MM8", "target": "LG_Vbiasn"}, {"weight": 4, "source": "xiota|fully_differential_miller_compensated_MM8", "target": "xiota|gnd!"}, {"weight": 2, "source": "LG_Vbiasn", "target": "xiota|fully_differential_miller_compensated_MM4"}, {"weight": 2, "source": "LG_Vbiasn", "target": "xiota|fully_differential_miller_compensated_MM6"}, {"weight": 4, "source": "xiota|gnd!", "target": "xiota|fully_differential_miller_compensated_MM4"}, {"weight": 4, "source": "xiota|gnd!", "target": "xiota|fully_differential_miller_compensated_MM6"}, {"weight": 2, "source": "xiota|fully_differential_miller_compensated_MM3", "target": "Vinp"}, {"weight": 4, "source": "xiota|fully_differential_miller_compensated_MM3", "target": "xiota|net21"}, {"weight": 4, "source": "xiota|net21", "target": "xiota|fully_differential_miller_compensated_MM0"}, {"weight": 1, "source": "xiota|net21", "target": "xiota|fully_differential_miller_compensated_MM4"}, {"weight": 2, "source": "xiota|fully_differential_miller_compensated_MM0", "target": "Vinn"}, {"weight": 2, "source": "xiLG_pmos|LG_pmos_MM10", "target": "Biasn"}, {"weight": 4, "source": "xiLG_pmos|LG_pmos_MM10", "target": "xiLG_pmos|gnd!"}, {"weight": 2, "source": "Biasn", "target": "xibCR14_2|CR14_2_MM2"}, {"weight": 2, "source": "Biasn", "target": "xibCR14_2|CR14_2_MM0"}, {"weight": 1, "source": "Biasn", "target": "xibCR14_2|CR14_2_MM1"}, {"weight": 8, "source": "Biasn", "target": "xibCR14_2|CR14_2_RR0"}, {"weight": 4, "source": "xiLG_pmos|LG_pmos_MM3", "target": "xiLG_pmos|vdd!"}, {"weight": 1, "source": "xibCR14_2|CR14_2_MM2", "target": "Vbiasp"}, {"weight": 4, "source": "xibCR14_2|CR14_2_MM2", "target": "xibCR14_2|gnd!"}, {"weight": 3, "source": "Vbiasp", "target": "xibCR14_2|CR14_2_MM3"}, {"weight": 2, "source": "Vbiasp", "target": "xibCR14_2|CR14_2_MM1"}, {"weight": 4, "source": "xibCR14_2|gnd!", "target": "xibCR14_2|CR14_2_MM0"}, {"weight": 1, "source": "xibCR14_2|CR14_2_MM0", "target": "xibCR14_2|net010"}, {"weight": 8, "source": "xibCR14_2|net010", "target": "xibCR14_2|CR14_2_RR0"}, {"weight": 4, "source": "xibCR14_2|CR14_2_MM3", "target": "xibCR14_2|vdd!"}, {"weight": 4, "source": "xibCR14_2|vdd!", "target": "xibCR14_2|CR14_2_MM1"}]}