{"directed": false, "multigraph": false, "graph": {}, "nodes": [{"inst_type": "pmos", "ports": ["Voutn", "LG_Vbiasp", "xiota|vdd!"], "edge_weight": [1, 2, 4], "values": 1, "sub_graph": null, "id": "xiota|fully_differential_MM1"}, {"inst_type": "net", "net_type": "internal", "id": "Voutn"}, {"inst_type": "net", "net_type": "internal", "id": "LG_Vbiasp"}, {"inst_type": "net", "net_type": "internal", "id": "xiota|vdd!"}, {"inst_type": "pmos", "ports": ["Voutp", "LG_Vbiasp", "xiota|vdd!"], "edge_weight": [1, 2, 4], "values": 1, "sub_graph": null, "id": "xiota|fully_differential_MM2"}, {"inst_type": "net", "net_type": "internal", "id": "Voutp"}, {"inst_type": "nmos", "ports": ["xiota|net14", "LG_Vbiasn", "xiota|gnd!"], "edge_weight": [1, 2, 4], "values": 1, "sub_graph": null, "id": "xiota|fully_differential_MM4"}, {"inst_type": "net", "net_type": "internal", "id": "xiota|net14"}, {"inst_type": "net", "net_type": "internal", "id": "LG_Vbiasn"}, {"inst_type": "net", "net_type": "internal", "id": "xiota|gnd!"}, {"inst_type": "nmos", "ports": ["Voutn", "Vinp", "xiota|net14"], "edge_weight": [1, 2, 4], "values": 1, "sub_graph": null, "id": "xiota|fully_differential_MM3"}, {"inst_type": "net", "net_type": "internal", "id": "Vinp"}, {"inst_type": "nmos", "ports": ["Voutp", "Vinn", "xiota|net14"], "edge_weight": [1, 2, 4], "values": 1, "sub_graph": null, "id": "xiota|fully_differential_MM0"}, {"inst_type": "net", "net_type": "internal", "id": "Vinn"}, {"inst_type": "nmos", "ports": ["LG_Vbiasp", "LG_Vbiasn", "xiLG_npmos|gnd!"], "edge_weight": [1, 2, 4], "values": 1, "sub_graph": null, "id": "xiLG_npmos|LG_npmos_MM4"}, {"inst_type": "net", "net_type": "internal", "id": "xiLG_npmos|gnd!"}, {"inst_type": "nmos", "ports": ["LG_Vbiasn", "LG_Vbiasn", "xiLG_npmos|gnd!"], "edge_weight": [1, 2, 4], "values": 1, "sub_graph": null, "id": "xiLG_npmos|LG_npmos_MM2"}, {"inst_type": "nmos", "ports": ["xiLG_npmos|neta", "Biasn", "xiLG_npmos|gnd!"], "edge_weight": [1, 2, 4], "values": 1, "sub_graph": null, "id": "xiLG_npmos|LG_npmos_MM10"}, {"inst_type": "net", "net_type": "internal", "id": "xiLG_npmos|neta"}, {"inst_type": "net", "net_type": "internal", "id": "Biasn"}, {"inst_type": "pmos", "ports": ["LG_Vbiasp", "LG_Vbiasp", "xiLG_npmos|vdd!"], "edge_weight": [1, 2, 4], "values": 1, "sub_graph": null, "id": "xiLG_npmos|LG_npmos_MM3"}, {"inst_type": "net", "net_type": "internal", "id": "xiLG_npmos|vdd!"}, {"inst_type": "pmos", "ports": ["LG_Vbiasn", "xiLG_npmos|neta", "xiLG_npmos|vdd!"], "edge_weight": [1, 2, 4], "values": 1, "sub_graph": null, "id": "xiLG_npmos|LG_npmos_MM1"}, {"inst_type": "pmos", "ports": ["xiLG_npmos|neta", "xiLG_npmos|neta", "xiLG_npmos|vdd!"], "edge_weight": [1, 2, 4], "values": 1, "sub_graph": null, "id": "xiLG_npmos|LG_npmos_MM0"}, {"inst_type": "nmos", "ports": ["Vbiasp", "Biasn", "xibCR14_2|gnd!"], "edge_weight": [1, 2, 4], "values": 1, "sub_graph": null, "id": "xibCR14_2|CR14_2_MM2"}, {"inst_type": "net", "net_type": "internal", "id": "Vbiasp"}, {"inst_type": "net", "net_type": "internal", "id": "xibCR14_2|gnd!"}, {"inst_type": "nmos", "ports": ["xibCR14_2|net010", "Biasn", "xibCR14_2|gnd!"], "edge_weight": [1, 2, 4], "values": 1, "sub_graph": null, "id": "xibCR14_2|CR14_2_MM0"}, {"inst_type": "net", "net_type": "internal", "id": "xibCR14_2|net010"}, {"inst_type": "pmos", "ports": ["Vbiasp", "Vbiasp", "xibCR14_2|vdd!"], "edge_weight": [1, 2, 4], "values": 1, "sub_graph": null, "id": "xibCR14_2|CR14_2_MM3"}, {"inst_type": "net", "net_type": "internal", "id": "xibCR14_2|vdd!"}, {"inst_type": "pmos", "ports": ["Biasn", "Vbiasp", "xibCR14_2|vdd!"], "edge_weight": [1, 2, 4], "values": 1, "sub_graph": null, "id": "xibCR14_2|CR14_2_MM1"}, {"inst_type": "res", "ports": ["Biasn", "xibCR14_2|net010"], "edge_weight": [8, 8], "values": 1, "sub_graph": null, "id": "xibCR14_2|CR14_2_RR0"}], "links": [{"weight": 1, "source": "xiota|fully_differential_MM1", "target": "Voutn"}, {"weight": 2, "source": "xiota|fully_differential_MM1", "target": "LG_Vbiasp"}, {"weight": 4, "source": "xiota|fully_differential_MM1", "target": "xiota|vdd!"}, {"weight": 1, "source": "Voutn", "target": "xiota|fully_differential_MM3"}, {"weight": 2, "source": "LG_Vbiasp", "target": "xiota|fully_differential_MM2"}, {"weight": 1, "source": "LG_Vbiasp", "target": "xiLG_npmos|LG_npmos_MM4"}, {"weight": 3, "source": "LG_Vbiasp", "target": "xiLG_npmos|LG_npmos_MM3"}, {"weight": 4, "source": "xiota|vdd!", "target": "xiota|fully_differential_MM2"}, {"weight": 1, "source": "xiota|fully_differential_MM2", "target": "Voutp"}, {"weight": 1, "source": "Voutp", "target": "xiota|fully_differential_MM0"}, {"weight": 1, "source": "xiota|fully_differential_MM4", "target": "xiota|net14"}, {"weight": 2, "source": "xiota|fully_differential_MM4", "target": "LG_Vbiasn"}, {"weight": 4, "source": "xiota|fully_differential_MM4", "target": "xiota|gnd!"}, {"weight": 4, "source": "xiota|net14", "target": "xiota|fully_differential_MM3"}, {"weight": 4, "source": "xiota|net14", "target": "xiota|fully_differential_MM0"}, {"weight": 2, "source": "LG_Vbiasn", "target": "xiLG_npmos|LG_npmos_MM4"}, {"weight": 3, "source": "LG_Vbiasn", "target": "xiLG_npmos|LG_npmos_MM2"}, {"weight": 1, "source": "LG_Vbiasn", "target": "xiLG_npmos|LG_npmos_MM1"}, {"weight": 2, "source": "xiota|fully_differential_MM3", "target": "Vinp"}, {"weight": 2, "source": "xiota|fully_differential_MM0", "target": "Vinn"}, {"weight": 4, "source": "xiLG_npmos|LG_npmos_MM4", "target": "xiLG_npmos|gnd!"}, {"weight": 4, "source": "xiLG_npmos|gnd!", "target": "xiLG_npmos|LG_npmos_MM2"}, {"weight": 4, "source": "xiLG_npmos|gnd!", "target": "xiLG_npmos|LG_npmos_MM10"}, {"weight": 1, "source": "xiLG_npmos|LG_npmos_MM10", "target": "xiLG_npmos|neta"}, {"weight": 2, "source": "xiLG_npmos|LG_npmos_MM10", "target": "Biasn"}, {"weight": 2, "source": "xiLG_npmos|neta", "target": "xiLG_npmos|LG_npmos_MM1"}, {"weight": 3, "source": "xiLG_npmos|neta", "target": "xiLG_npmos|LG_npmos_MM0"}, {"weight": 2, "source": "Biasn", "target": "xibCR14_2|CR14_2_MM2"}, {"weight": 2, "source": "Biasn", "target": "xibCR14_2|CR14_2_MM0"}, {"weight": 1, "source": "Biasn", "target": "xibCR14_2|CR14_2_MM1"}, {"weight": 8, "source": "Biasn", "target": "xibCR14_2|CR14_2_RR0"}, {"weight": 4, "source": "xiLG_npmos|LG_npmos_MM3", "target": "xiLG_npmos|vdd!"}, {"weight": 4, "source": "xiLG_npmos|vdd!", "target": "xiLG_npmos|LG_npmos_MM1"}, {"weight": 4, "source": "xiLG_npmos|vdd!", "target": "xiLG_npmos|LG_npmos_MM0"}, {"weight": 1, "source": "xibCR14_2|CR14_2_MM2", "target": "Vbiasp"}, {"weight": 4, "source": "xibCR14_2|CR14_2_MM2", "target": "xibCR14_2|gnd!"}, {"weight": 3, "source": "Vbiasp", "target": "xibCR14_2|CR14_2_MM3"}, {"weight": 2, "source": "Vbiasp", "target": "xibCR14_2|CR14_2_MM1"}, {"weight": 4, "source": "xibCR14_2|gnd!", "target": "xibCR14_2|CR14_2_MM0"}, {"weight": 1, "source": "xibCR14_2|CR14_2_MM0", "target": "xibCR14_2|net010"}, {"weight": 8, "source": "xibCR14_2|net010", "target": "xibCR14_2|CR14_2_RR0"}, {"weight": 4, "source": "xibCR14_2|CR14_2_MM3", "target": "xibCR14_2|vdd!"}, {"weight": 4, "source": "xibCR14_2|vdd!", "target": "xibCR14_2|CR14_2_MM1"}]}