{"directed": false, "multigraph": false, "graph": {}, "nodes": [{"inst_type": "nmos", "ports": ["Voutn", "xiota|net22", "xiota|net23"], "edge_weight": [1, 2, 4], "values": 1, "sub_graph": null, "id": "xiota|fully_differential_gain_boosting_MM8"}, {"inst_type": "net", "net_type": "internal", "id": "Voutn"}, {"inst_type": "net", "net_type": "internal", "id": "xiota|net22"}, {"inst_type": "net", "net_type": "internal", "id": "xiota|net23"}, {"inst_type": "nmos", "ports": ["Voutp", "xiota|net19", "xiota|net21"], "edge_weight": [1, 2, 4], "values": 1, "sub_graph": null, "id": "xiota|fully_differential_gain_boosting_MM7"}, {"inst_type": "net", "net_type": "internal", "id": "Voutp"}, {"inst_type": "net", "net_type": "internal", "id": "xiota|net19"}, {"inst_type": "net", "net_type": "internal", "id": "xiota|net21"}, {"inst_type": "nmos", "ports": ["xiota|net23", "Vinp", "xiota|net15"], "edge_weight": [1, 2, 4], "values": 1, "sub_graph": null, "id": "xiota|fully_differential_gain_boosting_MM3"}, {"inst_type": "net", "net_type": "internal", "id": "Vinp"}, {"inst_type": "net", "net_type": "internal", "id": "xiota|net15"}, {"inst_type": "nmos", "ports": ["xiota|net21", "Vinn", "xiota|net15"], "edge_weight": [1, 2, 4], "values": 1, "sub_graph": null, "id": "xiota|fully_differential_gain_boosting_MM0"}, {"inst_type": "net", "net_type": "internal", "id": "Vinn"}, {"inst_type": "nmos", "ports": ["xiota|net15", "LG_Vbiasn", "xiota|gnd!"], "edge_weight": [1, 2, 4], "values": 1, "sub_graph": null, "id": "xiota|fully_differential_gain_boosting_MM4"}, {"inst_type": "net", "net_type": "internal", "id": "LG_Vbiasn"}, {"inst_type": "net", "net_type": "internal", "id": "xiota|gnd!"}, {"inst_type": "pmos", "ports": ["Voutn", "xiota|net24", "xiota|net25"], "edge_weight": [1, 2, 4], "values": 1, "sub_graph": null, "id": "xiota|fully_differential_gain_boosting_MM6"}, {"inst_type": "net", "net_type": "internal", "id": "xiota|net24"}, {"inst_type": "net", "net_type": "internal", "id": "xiota|net25"}, {"inst_type": "pmos", "ports": ["Voutp", "xiota|net20", "xiota|net12"], "edge_weight": [1, 2, 4], "values": 1, "sub_graph": null, "id": "xiota|fully_differential_gain_boosting_MM5"}, {"inst_type": "net", "net_type": "internal", "id": "xiota|net20"}, {"inst_type": "net", "net_type": "internal", "id": "xiota|net12"}, {"inst_type": "pmos", "ports": ["xiota|net25", "LG_Vbiasp", "xiota|vdd!"], "edge_weight": [1, 2, 4], "values": 1, "sub_graph": null, "id": "xiota|fully_differential_gain_boosting_MM1"}, {"inst_type": "net", "net_type": "internal", "id": "LG_Vbiasp"}, {"inst_type": "net", "net_type": "internal", "id": "xiota|vdd!"}, {"inst_type": "pmos", "ports": ["xiota|net12", "LG_Vbiasp", "xiota|vdd!"], "edge_weight": [1, 2, 4], "values": 1, "sub_graph": null, "id": "xiota|fully_differential_gain_boosting_MM2"}, {"inst_type": "pmos", "ports": ["xiota|net24", "xiota|XI3|Vbiasp", "xiota|XI3|vdd!"], "edge_weight": [1, 2, 4], "values": 1, "sub_graph": null, "id": "xiota|XI3|fully_differential_MM1"}, {"inst_type": "net", "net_type": "internal", "id": "xiota|XI3|Vbiasp"}, {"inst_type": "net", "net_type": "internal", "id": "xiota|XI3|vdd!"}, {"inst_type": "pmos", "ports": ["xiota|net20", "xiota|XI3|Vbiasp", "xiota|XI3|vdd!"], "edge_weight": [1, 2, 4], "values": 1, "sub_graph": null, "id": "xiota|XI3|fully_differential_MM2"}, {"inst_type": "nmos", "ports": ["xiota|XI3|net14", "xiota|XI3|Vbiasn", "xiota|XI3|gnd!"], "edge_weight": [1, 2, 4], "values": 1, "sub_graph": null, "id": "xiota|XI3|fully_differential_MM4"}, {"inst_type": "net", "net_type": "internal", "id": "xiota|XI3|net14"}, {"inst_type": "net", "net_type": "internal", "id": "xiota|XI3|Vbiasn"}, {"inst_type": "net", "net_type": "internal", "id": "xiota|XI3|gnd!"}, {"inst_type": "nmos", "ports": ["xiota|net24", "xiota|net25", "xiota|XI3|net14"], "edge_weight": [1, 2, 4], "values": 1, "sub_graph": null, "id": "xiota|XI3|fully_differential_MM3"}, {"inst_type": "nmos", "ports": ["xiota|net20", "xiota|net12", "xiota|XI3|net14"], "edge_weight": [1, 2, 4], "values": 1, "sub_graph": null, "id": "xiota|XI3|fully_differential_MM0"}, {"inst_type": "pmos", "ports": ["xiota|net19", "xiota|XI1|Vbiasp", "xiota|XI1|vdd!"], "edge_weight": [1, 2, 4], "values": 1, "sub_graph": null, "id": "xiota|XI1|fully_differential_MM1"}, {"inst_type": "net", "net_type": "internal", "id": "xiota|XI1|Vbiasp"}, {"inst_type": "net", "net_type": "internal", "id": "xiota|XI1|vdd!"}, {"inst_type": "pmos", "ports": ["xiota|net22", "xiota|XI1|Vbiasp", "xiota|XI1|vdd!"], "edge_weight": [1, 2, 4], "values": 1, "sub_graph": null, "id": "xiota|XI1|fully_differential_MM2"}, {"inst_type": "nmos", "ports": ["xiota|XI1|net14", "xiota|XI1|Vbiasn", "xiota|XI1|gnd!"], "edge_weight": [1, 2, 4], "values": 1, "sub_graph": null, "id": "xiota|XI1|fully_differential_MM4"}, {"inst_type": "net", "net_type": "internal", "id": "xiota|XI1|net14"}, {"inst_type": "net", "net_type": "internal", "id": "xiota|XI1|Vbiasn"}, {"inst_type": "net", "net_type": "internal", "id": "xiota|XI1|gnd!"}, {"inst_type": "nmos", "ports": ["xiota|net19", "xiota|net21", "xiota|XI1|net14"], "edge_weight": [1, 2, 4], "values": 1, "sub_graph": null, "id": "xiota|XI1|fully_differential_MM3"}, {"inst_type": "nmos", "ports": ["xiota|net22", "xiota|net23", "xiota|XI1|net14"], "edge_weight": [1, 2, 4], "values": 1, "sub_graph": null, "id": "xiota|XI1|fully_differential_MM0"}, {"inst_type": "nmos", "ports": ["LG_Vbiasn", "LG_Vbiasn", "xiLG_pnmos_4|gnd!"], "edge_weight": [1, 2, 4], "values": 1, "sub_graph": null, "id": "xiLG_pnmos_4|LG_pnmos_4_MM1"}, {"inst_type": "net", "net_type": "internal", "id": "xiLG_pnmos_4|gnd!"}, {"inst_type": "nmos", "ports": ["LG_Vbiasp", "xiLG_pnmos_4|net6", "xiLG_pnmos_4|gnd!"], "edge_weight": [1, 2, 4], "values": 1, "sub_graph": null, "id": "xiLG_pnmos_4|LG_pnmos_4_MM0"}, {"inst_type": "net", "net_type": "internal", "id": "xiLG_pnmos_4|net6"}, {"inst_type": "nmos", "ports": ["xiLG_pnmos_4|net6", "xiLG_pnmos_4|net6", "xiLG_pnmos_4|gnd!"], "edge_weight": [1, 2, 4], "values": 1, "sub_graph": null, "id": "xiLG_pnmos_4|LG_pnmos_4_MM8"}, {"inst_type": "pmos", "ports": ["LG_Vbiasn", "LG_Vbiasp", "xiLG_pnmos_4|vdd!"], "edge_weight": [1, 2, 4], "values": 1, "sub_graph": null, "id": "xiLG_pnmos_4|LG_pnmos_4_MM2"}, {"inst_type": "net", "net_type": "internal", "id": "xiLG_pnmos_4|vdd!"}, {"inst_type": "pmos", "ports": ["LG_Vbiasp", "LG_Vbiasp", "xiLG_pnmos_4|vdd!"], "edge_weight": [1, 2, 4], "values": 1, "sub_graph": null, "id": "xiLG_pnmos_4|LG_pnmos_4_MM3"}, {"inst_type": "pmos", "ports": ["xiLG_pnmos_4|net6", "Biasp", "xiLG_pnmos_4|vdd!"], "edge_weight": [1, 2, 4], "values": 1, "sub_graph": null, "id": "xiLG_pnmos_4|LG_pnmos_4_MM10"}, {"inst_type": "net", "net_type": "internal", "id": "Biasp"}, {"inst_type": "nmos", "ports": ["Biasp", "Biasn2", "Biasn1"], "edge_weight": [1, 2, 4], "values": 1, "sub_graph": null, "id": "xibCR6_3|CR6_3_MM2"}, {"inst_type": "net", "net_type": "internal", "id": "Biasn2"}, {"inst_type": "net", "net_type": "internal", "id": "Biasn1"}, {"inst_type": "nmos", "ports": ["Biasn2", "Biasn1", "xibCR6_3|gnd!"], "edge_weight": [1, 2, 4], "values": 1, "sub_graph": null, "id": "xibCR6_3|CR6_3_MM0"}, {"inst_type": "net", "net_type": "internal", "id": "xibCR6_3|gnd!"}, {"inst_type": "nmos", "ports": ["Biasn1", "xibCR6_3|net15", "xibCR6_3|gnd!"], "edge_weight": [1, 2, 4], "values": 1, "sub_graph": null, "id": "xibCR6_3|CR6_3_MM4"}, {"inst_type": "net", "net_type": "internal", "id": "xibCR6_3|net15"}, {"inst_type": "nmos", "ports": ["xibCR6_3|net15", "xibCR6_3|net15", "xibCR6_3|gnd!"], "edge_weight": [1, 2, 4], "values": 1, "sub_graph": null, "id": "xibCR6_3|CR6_3_MM5"}, {"inst_type": "pmos", "ports": ["Biasp", "Biasp", "xibCR6_3|vdd!"], "edge_weight": [1, 2, 4], "values": 1, "sub_graph": null, "id": "xibCR6_3|CR6_3_MM3"}, {"inst_type": "net", "net_type": "internal", "id": "xibCR6_3|vdd!"}, {"inst_type": "pmos", "ports": ["Biasn2", "Biasp", "xibCR6_3|vdd!"], "edge_weight": [1, 2, 4], "values": 1, "sub_graph": null, "id": "xibCR6_3|CR6_3_MM1"}, {"inst_type": "pmos", "ports": ["xibCR6_3|net15", "Biasp", "xibCR6_3|vdd!"], "edge_weight": [1, 2, 4], "values": 1, "sub_graph": null, "id": "xibCR6_3|CR6_3_MM6"}], "links": [{"weight": 1, "source": "xiota|fully_differential_gain_boosting_MM8", "target": "Voutn"}, {"weight": 2, "source": "xiota|fully_differential_gain_boosting_MM8", "target": "xiota|net22"}, {"weight": 4, "source": "xiota|fully_differential_gain_boosting_MM8", "target": "xiota|net23"}, {"weight": 1, "source": "Voutn", "target": "xiota|fully_differential_gain_boosting_MM6"}, {"weight": 1, "source": "xiota|net22", "target": "xiota|XI1|fully_differential_MM2"}, {"weight": 1, "source": "xiota|net22", "target": "xiota|XI1|fully_differential_MM0"}, {"weight": 1, "source": "xiota|net23", "target": "xiota|fully_differential_gain_boosting_MM3"}, {"weight": 2, "source": "xiota|net23", "target": "xiota|XI1|fully_differential_MM0"}, {"weight": 1, "source": "xiota|fully_differential_gain_boosting_MM7", "target": "Voutp"}, {"weight": 2, "source": "xiota|fully_differential_gain_boosting_MM7", "target": "xiota|net19"}, {"weight": 4, "source": "xiota|fully_differential_gain_boosting_MM7", "target": "xiota|net21"}, {"weight": 1, "source": "Voutp", "target": "xiota|fully_differential_gain_boosting_MM5"}, {"weight": 1, "source": "xiota|net19", "target": "xiota|XI1|fully_differential_MM1"}, {"weight": 1, "source": "xiota|net19", "target": "xiota|XI1|fully_differential_MM3"}, {"weight": 1, "source": "xiota|net21", "target": "xiota|fully_differential_gain_boosting_MM0"}, {"weight": 2, "source": "xiota|net21", "target": "xiota|XI1|fully_differential_MM3"}, {"weight": 2, "source": "xiota|fully_differential_gain_boosting_MM3", "target": "Vinp"}, {"weight": 4, "source": "xiota|fully_differential_gain_boosting_MM3", "target": "xiota|net15"}, {"weight": 4, "source": "xiota|net15", "target": "xiota|fully_differential_gain_boosting_MM0"}, {"weight": 1, "source": "xiota|net15", "target": "xiota|fully_differential_gain_boosting_MM4"}, {"weight": 2, "source": "xiota|fully_differential_gain_boosting_MM0", "target": "Vinn"}, {"weight": 2, "source": "xiota|fully_differential_gain_boosting_MM4", "target": "LG_Vbiasn"}, {"weight": 4, "source": "xiota|fully_differential_gain_boosting_MM4", "target": "xiota|gnd!"}, {"weight": 3, "source": "LG_Vbiasn", "target": "xiLG_pnmos_4|LG_pnmos_4_MM1"}, {"weight": 1, "source": "LG_Vbiasn", "target": "xiLG_pnmos_4|LG_pnmos_4_MM2"}, {"weight": 2, "source": "xiota|fully_differential_gain_boosting_MM6", "target": "xiota|net24"}, {"weight": 4, "source": "xiota|fully_differential_gain_boosting_MM6", "target": "xiota|net25"}, {"weight": 1, "source": "xiota|net24", "target": "xiota|XI3|fully_differential_MM1"}, {"weight": 1, "source": "xiota|net24", "target": "xiota|XI3|fully_differential_MM3"}, {"weight": 1, "source": "xiota|net25", "target": "xiota|fully_differential_gain_boosting_MM1"}, {"weight": 2, "source": "xiota|net25", "target": "xiota|XI3|fully_differential_MM3"}, {"weight": 2, "source": "xiota|fully_differential_gain_boosting_MM5", "target": "xiota|net20"}, {"weight": 4, "source": "xiota|fully_differential_gain_boosting_MM5", "target": "xiota|net12"}, {"weight": 1, "source": "xiota|net20", "target": "xiota|XI3|fully_differential_MM2"}, {"weight": 1, "source": "xiota|net20", "target": "xiota|XI3|fully_differential_MM0"}, {"weight": 1, "source": "xiota|net12", "target": "xiota|fully_differential_gain_boosting_MM2"}, {"weight": 2, "source": "xiota|net12", "target": "xiota|XI3|fully_differential_MM0"}, {"weight": 2, "source": "xiota|fully_differential_gain_boosting_MM1", "target": "LG_Vbiasp"}, {"weight": 4, "source": "xiota|fully_differential_gain_boosting_MM1", "target": "xiota|vdd!"}, {"weight": 2, "source": "LG_Vbiasp", "target": "xiota|fully_differential_gain_boosting_MM2"}, {"weight": 1, "source": "LG_Vbiasp", "target": "xiLG_pnmos_4|LG_pnmos_4_MM0"}, {"weight": 2, "source": "LG_Vbiasp", "target": "xiLG_pnmos_4|LG_pnmos_4_MM2"}, {"weight": 3, "source": "LG_Vbiasp", "target": "xiLG_pnmos_4|LG_pnmos_4_MM3"}, {"weight": 4, "source": "xiota|vdd!", "target": "xiota|fully_differential_gain_boosting_MM2"}, {"weight": 2, "source": "xiota|XI3|fully_differential_MM1", "target": "xiota|XI3|Vbiasp"}, {"weight": 4, "source": "xiota|XI3|fully_differential_MM1", "target": "xiota|XI3|vdd!"}, {"weight": 2, "source": "xiota|XI3|Vbiasp", "target": "xiota|XI3|fully_differential_MM2"}, {"weight": 4, "source": "xiota|XI3|vdd!", "target": "xiota|XI3|fully_differential_MM2"}, {"weight": 1, "source": "xiota|XI3|fully_differential_MM4", "target": "xiota|XI3|net14"}, {"weight": 2, "source": "xiota|XI3|fully_differential_MM4", "target": "xiota|XI3|Vbiasn"}, {"weight": 4, "source": "xiota|XI3|fully_differential_MM4", "target": "xiota|XI3|gnd!"}, {"weight": 4, "source": "xiota|XI3|net14", "target": "xiota|XI3|fully_differential_MM3"}, {"weight": 4, "source": "xiota|XI3|net14", "target": "xiota|XI3|fully_differential_MM0"}, {"weight": 2, "source": "xiota|XI1|fully_differential_MM1", "target": "xiota|XI1|Vbiasp"}, {"weight": 4, "source": "xiota|XI1|fully_differential_MM1", "target": "xiota|XI1|vdd!"}, {"weight": 2, "source": "xiota|XI1|Vbiasp", "target": "xiota|XI1|fully_differential_MM2"}, {"weight": 4, "source": "xiota|XI1|vdd!", "target": "xiota|XI1|fully_differential_MM2"}, {"weight": 1, "source": "xiota|XI1|fully_differential_MM4", "target": "xiota|XI1|net14"}, {"weight": 2, "source": "xiota|XI1|fully_differential_MM4", "target": "xiota|XI1|Vbiasn"}, {"weight": 4, "source": "xiota|XI1|fully_differential_MM4", "target": "xiota|XI1|gnd!"}, {"weight": 4, "source": "xiota|XI1|net14", "target": "xiota|XI1|fully_differential_MM3"}, {"weight": 4, "source": "xiota|XI1|net14", "target": "xiota|XI1|fully_differential_MM0"}, {"weight": 4, "source": "xiLG_pnmos_4|LG_pnmos_4_MM1", "target": "xiLG_pnmos_4|gnd!"}, {"weight": 4, "source": "xiLG_pnmos_4|gnd!", "target": "xiLG_pnmos_4|LG_pnmos_4_MM0"}, {"weight": 4, "source": "xiLG_pnmos_4|gnd!", "target": "xiLG_pnmos_4|LG_pnmos_4_MM8"}, {"weight": 2, "source": "xiLG_pnmos_4|LG_pnmos_4_MM0", "target": "xiLG_pnmos_4|net6"}, {"weight": 3, "source": "xiLG_pnmos_4|net6", "target": "xiLG_pnmos_4|LG_pnmos_4_MM8"}, {"weight": 1, "source": "xiLG_pnmos_4|net6", "target": "xiLG_pnmos_4|LG_pnmos_4_MM10"}, {"weight": 4, "source": "xiLG_pnmos_4|LG_pnmos_4_MM2", "target": "xiLG_pnmos_4|vdd!"}, {"weight": 4, "source": "xiLG_pnmos_4|vdd!", "target": "xiLG_pnmos_4|LG_pnmos_4_MM3"}, {"weight": 4, "source": "xiLG_pnmos_4|vdd!", "target": "xiLG_pnmos_4|LG_pnmos_4_MM10"}, {"weight": 2, "source": "xiLG_pnmos_4|LG_pnmos_4_MM10", "target": "Biasp"}, {"weight": 1, "source": "Biasp", "target": "xibCR6_3|CR6_3_MM2"}, {"weight": 3, "source": "Biasp", "target": "xibCR6_3|CR6_3_MM3"}, {"weight": 2, "source": "Biasp", "target": "xibCR6_3|CR6_3_MM1"}, {"weight": 2, "source": "Biasp", "target": "xibCR6_3|CR6_3_MM6"}, {"weight": 2, "source": "xibCR6_3|CR6_3_MM2", "target": "Biasn2"}, {"weight": 4, "source": "xibCR6_3|CR6_3_MM2", "target": "Biasn1"}, {"weight": 1, "source": "Biasn2", "target": "xibCR6_3|CR6_3_MM0"}, {"weight": 1, "source": "Biasn2", "target": "xibCR6_3|CR6_3_MM1"}, {"weight": 2, "source": "Biasn1", "target": "xibCR6_3|CR6_3_MM0"}, {"weight": 1, "source": "Biasn1", "target": "xibCR6_3|CR6_3_MM4"}, {"weight": 4, "source": "xibCR6_3|CR6_3_MM0", "target": "xibCR6_3|gnd!"}, {"weight": 4, "source": "xibCR6_3|gnd!", "target": "xibCR6_3|CR6_3_MM4"}, {"weight": 4, "source": "xibCR6_3|gnd!", "target": "xibCR6_3|CR6_3_MM5"}, {"weight": 2, "source": "xibCR6_3|CR6_3_MM4", "target": "xibCR6_3|net15"}, {"weight": 3, "source": "xibCR6_3|net15", "target": "xibCR6_3|CR6_3_MM5"}, {"weight": 1, "source": "xibCR6_3|net15", "target": "xibCR6_3|CR6_3_MM6"}, {"weight": 4, "source": "xibCR6_3|CR6_3_MM3", "target": "xibCR6_3|vdd!"}, {"weight": 4, "source": "xibCR6_3|vdd!", "target": "xibCR6_3|CR6_3_MM1"}, {"weight": 4, "source": "xibCR6_3|vdd!", "target": "xibCR6_3|CR6_3_MM6"}]}