{"directed": false, "multigraph": false, "graph": {}, "nodes": [{"inst_type": "pmos", "ports": ["Voutn", "LG_Vbiasp", "xiota|vdd!"], "edge_weight": [1, 2, 4], "values": 1, "sub_graph": null, "id": "xiota|fully_differential_MM1"}, {"inst_type": "net", "net_type": "internal", "id": "Voutn"}, {"inst_type": "net", "net_type": "internal", "id": "LG_Vbiasp"}, {"inst_type": "net", "net_type": "internal", "id": "xiota|vdd!"}, {"inst_type": "pmos", "ports": ["Voutp", "LG_Vbiasp", "xiota|vdd!"], "edge_weight": [1, 2, 4], "values": 1, "sub_graph": null, "id": "xiota|fully_differential_MM2"}, {"inst_type": "net", "net_type": "internal", "id": "Voutp"}, {"inst_type": "nmos", "ports": ["xiota|net14", "LG_Vbiasn", "xiota|gnd!"], "edge_weight": [1, 2, 4], "values": 1, "sub_graph": null, "id": "xiota|fully_differential_MM4"}, {"inst_type": "net", "net_type": "internal", "id": "xiota|net14"}, {"inst_type": "net", "net_type": "internal", "id": "LG_Vbiasn"}, {"inst_type": "net", "net_type": "internal", "id": "xiota|gnd!"}, {"inst_type": "nmos", "ports": ["Voutn", "Vinp", "xiota|net14"], "edge_weight": [1, 2, 4], "values": 1, "sub_graph": null, "id": "xiota|fully_differential_MM3"}, {"inst_type": "net", "net_type": "internal", "id": "Vinp"}, {"inst_type": "nmos", "ports": ["Voutp", "Vinn", "xiota|net14"], "edge_weight": [1, 2, 4], "values": 1, "sub_graph": null, "id": "xiota|fully_differential_MM0"}, {"inst_type": "net", "net_type": "internal", "id": "Vinn"}, {"inst_type": "nmos", "ports": ["LG_Vbiasp", "Biasn", "xiLG_pmos|gnd!"], "edge_weight": [1, 2, 4], "values": 1, "sub_graph": null, "id": "xiLG_pmos|LG_pmos_MM10"}, {"inst_type": "net", "net_type": "internal", "id": "Biasn"}, {"inst_type": "net", "net_type": "internal", "id": "xiLG_pmos|gnd!"}, {"inst_type": "pmos", "ports": ["LG_Vbiasp", "LG_Vbiasp", "xiLG_pmos|vdd!"], "edge_weight": [1, 2, 4], "values": 1, "sub_graph": null, "id": "xiLG_pmos|LG_pmos_MM3"}, {"inst_type": "net", "net_type": "internal", "id": "xiLG_pmos|vdd!"}, {"inst_type": "res", "ports": ["xibCR1_1|vdd!", "Biasn"], "edge_weight": [8, 8], "values": 1, "sub_graph": null, "id": "xibCR1_1|CR1_1_RRF"}, {"inst_type": "net", "net_type": "internal", "id": "xibCR1_1|vdd!"}, {"inst_type": "nmos", "ports": ["Biasn", "Biasn", "xibCR1_1|gnd!"], "edge_weight": [1, 2, 4], "values": 1, "sub_graph": null, "id": "xibCR1_1|CR1_1_MM0"}, {"inst_type": "net", "net_type": "internal", "id": "xibCR1_1|gnd!"}], "links": [{"weight": 1, "source": "xiota|fully_differential_MM1", "target": "Voutn"}, {"weight": 2, "source": "xiota|fully_differential_MM1", "target": "LG_Vbiasp"}, {"weight": 4, "source": "xiota|fully_differential_MM1", "target": "xiota|vdd!"}, {"weight": 1, "source": "Voutn", "target": "xiota|fully_differential_MM3"}, {"weight": 2, "source": "LG_Vbiasp", "target": "xiota|fully_differential_MM2"}, {"weight": 1, "source": "LG_Vbiasp", "target": "xiLG_pmos|LG_pmos_MM10"}, {"weight": 3, "source": "LG_Vbiasp", "target": "xiLG_pmos|LG_pmos_MM3"}, {"weight": 4, "source": "xiota|vdd!", "target": "xiota|fully_differential_MM2"}, {"weight": 1, "source": "xiota|fully_differential_MM2", "target": "Voutp"}, {"weight": 1, "source": "Voutp", "target": "xiota|fully_differential_MM0"}, {"weight": 1, "source": "xiota|fully_differential_MM4", "target": "xiota|net14"}, {"weight": 2, "source": "xiota|fully_differential_MM4", "target": "LG_Vbiasn"}, {"weight": 4, "source": "xiota|fully_differential_MM4", "target": "xiota|gnd!"}, {"weight": 4, "source": "xiota|net14", "target": "xiota|fully_differential_MM3"}, {"weight": 4, "source": "xiota|net14", "target": "xiota|fully_differential_MM0"}, {"weight": 2, "source": "xiota|fully_differential_MM3", "target": "Vinp"}, {"weight": 2, "source": "xiota|fully_differential_MM0", "target": "Vinn"}, {"weight": 2, "source": "xiLG_pmos|LG_pmos_MM10", "target": "Biasn"}, {"weight": 4, "source": "xiLG_pmos|LG_pmos_MM10", "target": "xiLG_pmos|gnd!"}, {"weight": 8, "source": "Biasn", "target": "xibCR1_1|CR1_1_RRF"}, {"weight": 3, "source": "Biasn", "target": "xibCR1_1|CR1_1_MM0"}, {"weight": 4, "source": "xiLG_pmos|LG_pmos_MM3", "target": "xiLG_pmos|vdd!"}, {"weight": 8, "source": "xibCR1_1|CR1_1_RRF", "target": "xibCR1_1|vdd!"}, {"weight": 4, "source": "xibCR1_1|CR1_1_MM0", "target": "xibCR1_1|gnd!"}]}