{"directed": false, "multigraph": false, "graph": {}, "nodes": [{"inst_type": "pmos", "ports": ["Voutp", "Vinn", "xiota|net12"], "edge_weight": [1, 2, 4], "values": 1, "sub_graph": null, "id": "xiota|fully_differential_pmos_MM7"}, {"inst_type": "net", "net_type": "internal", "id": "Voutp"}, {"inst_type": "net", "net_type": "internal", "id": "Vinn"}, {"inst_type": "net", "net_type": "internal", "id": "xiota|net12"}, {"inst_type": "pmos", "ports": ["Voutn", "Vinp", "xiota|net12"], "edge_weight": [1, 2, 4], "values": 1, "sub_graph": null, "id": "xiota|fully_differential_pmos_MM6"}, {"inst_type": "net", "net_type": "internal", "id": "Voutn"}, {"inst_type": "net", "net_type": "internal", "id": "Vinp"}, {"inst_type": "pmos", "ports": ["xiota|net12", "LG_Vbiasp", "xiota|vdd!"], "edge_weight": [1, 2, 4], "values": 1, "sub_graph": null, "id": "xiota|fully_differential_pmos_MM5"}, {"inst_type": "net", "net_type": "internal", "id": "LG_Vbiasp"}, {"inst_type": "net", "net_type": "internal", "id": "xiota|vdd!"}, {"inst_type": "nmos", "ports": ["Voutp", "LG_Vbiasn", "xiota|gnd!"], "edge_weight": [1, 2, 4], "values": 1, "sub_graph": null, "id": "xiota|fully_differential_pmos_MM9"}, {"inst_type": "net", "net_type": "internal", "id": "LG_Vbiasn"}, {"inst_type": "net", "net_type": "internal", "id": "xiota|gnd!"}, {"inst_type": "nmos", "ports": ["Voutn", "LG_Vbiasn", "xiota|gnd!"], "edge_weight": [1, 2, 4], "values": 1, "sub_graph": null, "id": "xiota|fully_differential_pmos_MM8"}, {"inst_type": "nmos", "ports": ["LG_Vbiasp", "Biasn", "xiLG_pmos|gnd!"], "edge_weight": [1, 2, 4], "values": 1, "sub_graph": null, "id": "xiLG_pmos|LG_pmos_MM10"}, {"inst_type": "net", "net_type": "internal", "id": "Biasn"}, {"inst_type": "net", "net_type": "internal", "id": "xiLG_pmos|gnd!"}, {"inst_type": "pmos", "ports": ["LG_Vbiasp", "LG_Vbiasp", "xiLG_pmos|vdd!"], "edge_weight": [1, 2, 4], "values": 1, "sub_graph": null, "id": "xiLG_pmos|LG_pmos_MM3"}, {"inst_type": "net", "net_type": "internal", "id": "xiLG_pmos|vdd!"}, {"inst_type": "nmos", "ports": ["Vbiasp", "Biasn", "xibCR13_2|gnd!"], "edge_weight": [1, 2, 4], "values": 1, "sub_graph": null, "id": "xibCR13_2|CR13_2_MM2"}, {"inst_type": "net", "net_type": "internal", "id": "Vbiasp"}, {"inst_type": "net", "net_type": "internal", "id": "xibCR13_2|gnd!"}, {"inst_type": "nmos", "ports": ["Biasn", "Biasn", "xibCR13_2|gnd!"], "edge_weight": [1, 2, 4], "values": 1, "sub_graph": null, "id": "xibCR13_2|CR13_2_MM0"}, {"inst_type": "pmos", "ports": ["Vbiasp", "Vbiasp", "xibCR13_2|vdd!"], "edge_weight": [1, 2, 4], "values": 1, "sub_graph": null, "id": "xibCR13_2|CR13_2_MM3"}, {"inst_type": "net", "net_type": "internal", "id": "xibCR13_2|vdd!"}, {"inst_type": "pmos", "ports": ["Biasn", "Vbiasp", "xibCR13_2|vdd!"], "edge_weight": [1, 2, 4], "values": 1, "sub_graph": null, "id": "xibCR13_2|CR13_2_MM1"}], "links": [{"weight": 1, "source": "xiota|fully_differential_pmos_MM7", "target": "Voutp"}, {"weight": 2, "source": "xiota|fully_differential_pmos_MM7", "target": "Vinn"}, {"weight": 4, "source": "xiota|fully_differential_pmos_MM7", "target": "xiota|net12"}, {"weight": 1, "source": "Voutp", "target": "xiota|fully_differential_pmos_MM9"}, {"weight": 4, "source": "xiota|net12", "target": "xiota|fully_differential_pmos_MM6"}, {"weight": 1, "source": "xiota|net12", "target": "xiota|fully_differential_pmos_MM5"}, {"weight": 1, "source": "xiota|fully_differential_pmos_MM6", "target": "Voutn"}, {"weight": 2, "source": "xiota|fully_differential_pmos_MM6", "target": "Vinp"}, {"weight": 1, "source": "Voutn", "target": "xiota|fully_differential_pmos_MM8"}, {"weight": 2, "source": "xiota|fully_differential_pmos_MM5", "target": "LG_Vbiasp"}, {"weight": 4, "source": "xiota|fully_differential_pmos_MM5", "target": "xiota|vdd!"}, {"weight": 1, "source": "LG_Vbiasp", "target": "xiLG_pmos|LG_pmos_MM10"}, {"weight": 3, "source": "LG_Vbiasp", "target": "xiLG_pmos|LG_pmos_MM3"}, {"weight": 2, "source": "xiota|fully_differential_pmos_MM9", "target": "LG_Vbiasn"}, {"weight": 4, "source": "xiota|fully_differential_pmos_MM9", "target": "xiota|gnd!"}, {"weight": 2, "source": "LG_Vbiasn", "target": "xiota|fully_differential_pmos_MM8"}, {"weight": 4, "source": "xiota|gnd!", "target": "xiota|fully_differential_pmos_MM8"}, {"weight": 2, "source": "xiLG_pmos|LG_pmos_MM10", "target": "Biasn"}, {"weight": 4, "source": "xiLG_pmos|LG_pmos_MM10", "target": "xiLG_pmos|gnd!"}, {"weight": 2, "source": "Biasn", "target": "xibCR13_2|CR13_2_MM2"}, {"weight": 3, "source": "Biasn", "target": "xibCR13_2|CR13_2_MM0"}, {"weight": 1, "source": "Biasn", "target": "xibCR13_2|CR13_2_MM1"}, {"weight": 4, "source": "xiLG_pmos|LG_pmos_MM3", "target": "xiLG_pmos|vdd!"}, {"weight": 1, "source": "xibCR13_2|CR13_2_MM2", "target": "Vbiasp"}, {"weight": 4, "source": "xibCR13_2|CR13_2_MM2", "target": "xibCR13_2|gnd!"}, {"weight": 3, "source": "Vbiasp", "target": "xibCR13_2|CR13_2_MM3"}, {"weight": 2, "source": "Vbiasp", "target": "xibCR13_2|CR13_2_MM1"}, {"weight": 4, "source": "xibCR13_2|gnd!", "target": "xibCR13_2|CR13_2_MM0"}, {"weight": 4, "source": "xibCR13_2|CR13_2_MM3", "target": "xibCR13_2|vdd!"}, {"weight": 4, "source": "xibCR13_2|vdd!", "target": "xibCR13_2|CR13_2_MM1"}]}